order_id,country,days,density,usage,hotspot,special,daily_gb
o00000,KR,6,3.7,social,yes,light,1.7
o00001,JP,5,2.2,map,no,none,0.64
o00002,JP,3,2.1,video,no,work,2.62
o00003,TH,6,2.6,map,no,none,0.81
o00004,KR,5,2.5,map,no,none,0.65
o00005,JP,8,3.6,map,no,none,0.71
o00006,KR,8,3.2,social,yes,none,1.9
o00007,KR,5,1.7,,,,1.09
o00008,KR,6,1.5,,,,1.23
o00009,JP,5,2.6,,,,0.19
o00010,JP,8,3.6,social,no,none,1.17
o00011,JP,4,2.7,map,no,none,0.57
o00012,JP,5,3.6,,,,0.54
o00013,JP,7,2.1,video,no,none,2.33
o00014,KR,7,2.8,,,,0.48
o00015,JP,5,2.5,video,no,none,2.05
o00016,JP,3,2.1,,,,1.35
o00017,JP,6,1.9,map,no,none,0.35
o00018,JP,3,2.1,social,yes,none,2.98
o00019,JP,8,1.1,,,,0.24
o00020,KR,3,2.9,social,yes,none,1.97
o00021,KR,8,3.9,,,,2.44
o00022,KR,5,2.2,video,no,none,2.01
o00023,JP,7,2.6,map,no,light,0.23
o00024,TH,3,4.2,social,no,none,1.81
o00025,JP,6,1.9,,,,1.98
o00026,JP,7,4.3,,,,0.42
o00027,JP,8,4.3,map,no,none,0.74
o00028,JP,5,2.7,,,,1.1
o00029,JP,4,3.5,video,no,light,1.72
o00030,KR,8,3.1,map,no,none,0.57
o00031,JP,3,2.5,,,,1.98
o00032,JP,7,2.5,map,no,none,0.37
o00033,JP,6,1.8,social,no,none,0.83
o00034,JP,4,2.1,,,,0.5
o00035,JP,7,2.8,map,yes,none,1.25
o00036,JP,7,3.0,,,,1.95
o00037,JP,4,3.3,map,no,none,0.59
o00038,JP,5,1.4,video,no,light,1.33
o00039,KR,8,2.7,map,no,none,0.79
o00040,JP,7,3.3,,,,0.85
o00041,JP,6,2.7,map,no,none,0.71
o00042,JP,7,3.4,video,no,work,2.88
o00043,JP,4,3.9,map,no,light,0.46
o00044,JP,6,3.7,video,yes,light,2.15
o00045,KR,7,2.4,video,no,none,1.76
o00046,JP,3,3.5,social,no,work,2.56
o00047,JP,6,2.5,map,yes,none,1.21
o00048,KR,4,4.0,,,,1.99
o00049,JP,7,3.3,video,no,none,2.64
o00050,TH,5,3.8,,,,1.12
o00051,TH,7,2.8,map,no,none,0.76
o00052,KR,5,1.6,,,,0.19
o00053,TH,4,3.0,,,,0.89
o00054,TH,8,2.4,map,no,none,0.61
o00055,JP,3,2.9,map,no,work,1.29
o00056,JP,7,2.7,,,,2.11
o00057,JP,7,4.2,,,,1.04
o00058,JP,3,4.5,social,yes,none,2.31
o00059,KR,7,3.8,map,yes,light,0.93
o00060,KR,8,3.3,video,no,none,2.54
o00061,TH,6,3.3,,,,2.11
o00062,JP,3,2.2,,,,1.02
o00063,JP,4,2.0,map,no,none,0.63
o00064,JP,6,2.7,social,no,work,2.62
o00065,KR,7,5.3,social,no,light,1.42
o00066,JP,4,3.4,video,no,none,2.4
o00067,JP,7,2.7,,,,0.82
o00068,KR,7,4.2,map,no,none,0.5
o00069,TH,8,3.4,map,no,none,0.77
o00070,JP,7,3.3,map,yes,work,2.98
o00071,KR,4,4.2,map,no,none,1.23
o00072,JP,5,2.7,,,,0.45
o00073,JP,5,4.0,social,yes,none,1.72
o00074,KR,5,2.9,map,no,none,0.82
o00075,JP,7,3.3,video,no,light,1.46
o00076,JP,6,2.5,,,,0.19
o00077,JP,5,3.7,map,no,none,0.77
o00078,JP,5,2.2,social,no,none,1.4
o00079,TH,4,1.0,video,no,light,1.84
o00080,JP,6,3.2,video,no,none,2.83
o00081,JP,6,1.5,map,no,none,0.45
o00082,TH,4,2.5,map,no,work,1.98
o00083,JP,5,1.5,map,yes,none,0.79
o00084,TH,7,3.6,,,,1.36
o00085,JP,7,2.4,,,,0.18
o00086,TH,6,5.3,map,no,none,1.1
o00087,JP,5,3.5,,,,2.48
o00088,JP,6,3.6,video,no,none,2.16
o00089,JP,3,2.8,map,yes,none,1.35
o00090,KR,8,2.7,video,no,none,1.89
o00091,JP,5,1.5,video,no,none,2.09
o00092,JP,8,3.8,map,no,none,0.72
o00093,KR,4,3.7,,,,1.36
o00094,JP,4,2.6,video,no,none,2.39
o00095,JP,3,2.3,,,,1.15
o00096,JP,8,2.9,,,,0.59
o00097,JP,3,3.0,map,no,none,0.67
o00098,JP,5,2.7,video,no,none,1.32
o00099,KR,5,4.3,map,no,none,0.76
o00100,JP,6,2.8,,,,2.98
o00101,KR,3,3.9,social,no,work,2.58
o00102,KR,5,2.7,video,no,light,1.45
o00103,TH,3,4.0,,,,3.74
o00104,JP,6,3.6,map,no,none,0.63
o00105,KR,4,4.6,,,,1.01
o00106,KR,3,3.1,video,yes,none,3.89
o00107,JP,4,3.2,,,,2.04
o00108,JP,3,3.4,video,yes,none,3.34
o00109,JP,4,2.2,social,no,none,1.45
o00110,KR,7,2.7,social,yes,work,2.97
o00111,JP,8,3.3,,,,0.48
o00112,JP,8,3.3,,,,0.6
o00113,JP,8,4.1,social,no,none,1.07
o00114,TH,8,2.7,,,,0.99
o00115,KR,7,2.9,map,no,none,0.78
o00116,KR,6,2.6,,,,0.65
o00117,KR,8,1.3,video,yes,none,2.37
o00118,JP,5,1.8,social,no,none,1.11
o00119,TH,4,3.1,social,yes,none,2.0
o00120,TH,7,3.9,,,,2.44
o00121,JP,8,1.0,,,,1.53
o00122,JP,3,2.4,social,no,none,1.3
o00123,KR,8,4.4,,,,1.99
o00124,KR,6,3.4,map,yes,none,1.69
o00125,JP,4,3.5,map,yes,none,1.15
o00126,KR,4,4.7,,,,1.65
o00127,TH,6,4.0,,,,2.41
o00128,JP,5,3.2,map,no,none,0.71
o00129,JP,3,1.0,video,no,none,1.95
o00130,JP,6,4.2,,,,2.57
o00131,TH,3,2.1,,,,1.54
o00132,JP,7,2.7,social,no,light,0.66
o00133,JP,3,2.6,,,,0.68
o00134,KR,8,3.6,map,no,none,0.83
o00135,KR,8,3.8,video,no,none,2.13
o00136,KR,6,3.1,map,no,none,0.67
o00137,JP,6,3.3,,,,1.34
o00138,JP,3,1.5,,,,0.45
o00139,JP,7,3.3,video,yes,none,1.8
o00140,KR,7,3.0,,,,0.62
o00141,JP,4,3.0,,,,1.04
o00142,JP,7,3.1,map,yes,light,0.93
o00143,TH,5,1.9,,,,1.0
o00144,KR,6,3.1,social,no,none,1.22
o00145,JP,4,2.9,map,no,work,1.63
o00146,JP,3,1.6,map,yes,none,1.81
o00147,TH,5,3.2,map,no,none,0.89
o00148,JP,7,3.6,map,no,none,0.77
o00149,TH,7,4.1,map,no,light,0.74
o00150,JP,4,3.5,map,no,work,1.51
o00151,JP,3,4.3,video,no,light,1.98
o00152,JP,4,3.3,map,yes,none,1.15
o00153,JP,3,2.8,video,yes,none,1.83
o00154,JP,5,4.2,map,no,none,0.83
o00155,KR,7,4.5,,,,1.51
o00156,JP,5,3.9,video,no,light,1.92
o00157,JP,4,3.1,,,,1.34
o00158,KR,8,1.6,,,,2.82
o00159,JP,4,2.0,social,no,none,1.1
o00160,JP,3,3.3,,,,1.16
o00161,JP,5,1.8,video,no,none,1.81
o00162,JP,8,3.7,,,,0.55
o00163,JP,8,1.8,,,,0.86
o00164,JP,4,5.1,map,no,none,0.95
o00165,JP,3,1.8,map,no,none,0.66
o00166,KR,7,3.7,map,no,none,0.71
o00167,KR,6,2.5,,,,1.35
o00168,JP,7,3.0,map,yes,none,1.48
o00169,JP,6,2.5,,,,0.15
o00170,JP,4,4.4,,,,1.32
o00171,JP,5,4.6,map,no,none,1.02
o00172,KR,6,2.2,video,no,none,2.62
o00173,JP,4,3.3,social,yes,none,2.56
o00174,JP,5,1.0,,,,0.98
o00175,TH,7,4.8,social,no,none,1.54
o00176,JP,4,1.6,,,,2.48
o00177,JP,8,3.6,social,no,light,0.74
o00178,JP,3,1.9,social,no,none,1.26
o00179,JP,5,3.3,,,,1.16
o00180,KR,3,3.9,,,,2.44
o00181,JP,3,3.8,map,no,light,0.51
o00182,TH,8,2.3,map,yes,none,1.03
o00183,JP,6,2.3,map,no,none,0.56
o00184,JP,4,4.7,,,,0.53
o00185,JP,3,3.8,video,no,none,2.38
o00186,JP,7,3.9,,,,2.33
o00187,KR,8,3.5,social,no,light,1.22
o00188,JP,8,1.4,map,yes,none,0.97
o00189,TH,5,4.3,,,,2.29
o00190,JP,6,1.7,,,,0.93
o00191,JP,8,3.2,social,no,none,1.09
o00192,TH,6,4.2,,,,1.89
o00193,KR,8,2.8,map,no,none,0.53
o00194,JP,7,3.7,video,yes,none,2.0
o00195,JP,7,2.6,,,,1.7
o00196,JP,4,2.9,map,no,none,0.62
o00197,JP,4,3.5,social,no,none,1.32
o00198,KR,4,3.3,social,no,none,1.54
o00199,JP,5,1.8,,,,1.69
o00200,KR,3,2.8,,,,0.95
o00201,JP,7,3.5,,,,1.78
o00202,JP,7,3.2,,,,1.0
o00203,JP,3,3.3,,,,1.21
o00204,JP,4,2.8,,,,3.21
o00205,JP,4,3.5,map,no,none,0.77
o00206,JP,6,1.3,video,no,light,1.36
o00207,JP,6,4.1,map,no,none,0.86
o00208,JP,6,4.8,map,no,work,1.59
o00209,TH,8,3.8,,,,0.83
o00210,JP,6,3.4,map,yes,light,0.86
o00211,KR,4,2.3,,,,0.62
o00212,KR,8,2.2,map,no,none,0.6
o00213,JP,7,2.8,,,,1.71
o00214,JP,5,3.3,,,,1.48
o00215,KR,8,1.0,map,yes,none,0.74
o00216,KR,7,3.3,map,no,light,0.5
o00217,KR,7,4.0,,,,2.59
o00218,KR,4,2.7,map,no,none,0.74
o00219,JP,8,5.6,video,no,none,2.6
o00220,KR,3,3.2,video,no,none,2.39
o00221,JP,4,2.3,social,yes,work,3.36
o00222,JP,3,2.8,,,,1.17
o00223,JP,8,3.0,social,no,none,1.01
o00224,JP,7,2.7,social,yes,work,1.99
o00225,TH,7,5.1,,,,1.36
o00226,JP,6,3.3,,,,0.93
o00227,KR,8,1.5,,,,1.93
o00228,KR,4,4.1,,,,0.61
o00229,TH,6,2.5,,,,0.9
o00230,JP,5,5.1,map,yes,light,1.1
o00231,KR,7,3.2,social,no,none,1.58
o00232,KR,3,3.6,,,,0.49
o00233,JP,5,1.8,,,,1.5
o00234,JP,6,2.5,social,no,light,0.78
o00235,KR,7,2.5,,,,0.52
o00236,JP,7,3.5,map,no,light,0.27
o00237,JP,4,3.8,,,,1.26
o00238,JP,4,5.0,social,yes,none,1.89
o00239,JP,6,2.1,map,yes,none,0.91
o00240,JP,8,2.6,social,no,none,1.33
o00241,JP,7,3.2,social,no,none,1.23
o00242,TH,5,4.1,,,,2.89
o00243,JP,5,3.2,,,,1.2
o00244,TH,8,3.0,,,,0.76
o00245,TH,4,3.0,,,,0.79
o00246,JP,7,2.6,video,no,none,1.83
o00247,TH,4,4.1,social,no,none,1.91
o00248,TH,8,3.7,map,no,none,0.95
o00249,KR,8,2.8,,,,1.22
o00250,TH,8,1.2,,,,1.22
o00251,KR,5,2.7,map,yes,none,1.26
o00252,JP,6,3.6,,,,2.42
o00253,JP,6,3.6,social,yes,none,1.72
o00254,JP,8,1.4,,,,0.23
o00255,JP,8,2.6,map,no,none,0.4
o00256,KR,4,3.9,,,,1.43
o00257,JP,7,3.4,map,no,light,0.35
o00258,JP,4,2.0,map,no,light,0.18
o00259,JP,8,3.5,video,no,none,1.81
o00260,JP,6,2.0,,,,1.05
o00261,TH,7,2.1,map,yes,none,1.16
o00262,KR,3,4.4,map,no,none,0.87
o00263,JP,4,1.9,,,,2.19
o00264,JP,5,3.1,map,no,work,1.72
o00265,JP,5,1.9,,,,1.18
o00266,JP,4,3.4,map,yes,none,1.54
o00267,JP,7,3.1,,,,0.85
o00268,JP,5,3.2,,,,1.8
o00269,JP,5,2.3,,,,2.36
o00270,KR,4,3.4,,,,1.61
o00271,JP,7,3.4,map,no,light,0.29
o00272,KR,6,1.9,video,no,none,2.0
o00273,JP,4,3.5,video,no,light,1.84
o00274,TH,3,3.5,,,,3.01
o00275,JP,5,2.6,map,yes,none,1.41
o00276,JP,6,3.6,social,no,none,1.09
o00277,JP,5,3.1,,,,1.55
o00278,KR,5,3.5,video,no,none,1.82
o00279,JP,3,3.2,,,,1.58
o00280,TH,6,2.7,,,,1.38
o00281,JP,4,3.0,,,,0.72
o00282,KR,6,3.7,social,no,none,1.54
o00283,KR,8,3.1,map,no,work,1.95
o00284,JP,8,3.2,map,no,none,0.55
o00285,KR,8,2.1,map,no,none,0.56
o00286,JP,8,2.8,,,,1.8
o00287,JP,5,2.3,map,no,none,0.8
o00288,JP,5,3.1,,,,1.48
o00289,JP,7,3.8,,,,1.98
o00290,JP,5,2.4,,,,1.18
o00291,KR,7,2.2,video,no,none,2.08
o00292,KR,5,2.5,map,no,none,0.84
o00293,TH,5,4.1,,,,0.59
o00294,JP,7,1.9,,,,1.99
o00295,KR,5,4.9,social,yes,light,1.37
o00296,JP,8,4.8,,,,1.19
o00297,JP,4,1.3,map,no,none,0.36
o00298,KR,3,3.5,,,,2.08
o00299,JP,5,3.7,,,,1.84
o00300,KR,3,2.4,video,no,none,2.14
o00301,TH,6,3.2,social,yes,light,1.78
o00302,JP,8,4.4,,,,0.99
o00303,JP,5,4.1,,,,1.54
o00304,KR,6,3.0,social,no,work,2.61
o00305,JP,3,1.9,social,no,none,1.25
o00306,JP,5,2.8,map,no,none,0.59
o00307,TH,5,3.4,map,no,none,0.92
o00308,JP,3,2.5,,,,1.49
o00309,JP,4,3.3,,,,1.59
o00310,JP,6,2.6,,,,1.22
o00311,JP,7,2.6,video,yes,none,2.69
o00312,JP,3,4.2,map,no,none,1.13
o00313,KR,6,3.3,map,no,none,0.72
o00314,JP,7,3.0,,,,1.08
o00315,KR,4,2.2,map,yes,none,1.14
o00316,TH,4,3.9,,,,1.39
o00317,JP,3,2.1,map,yes,none,1.33
o00318,KR,7,3.2,,,,2.87
o00319,TH,7,4.4,,,,3.77
o00320,JP,8,2.2,,,,2.38
o00321,TH,6,1.0,map,no,none,0.5
o00322,KR,8,2.5,social,no,none,1.33
o00323,KR,6,1.2,map,yes,none,0.89
o00324,JP,5,2.4,social,no,none,1.21
o00325,KR,5,3.5,social,yes,none,1.89
o00326,KR,4,4.4,map,no,work,2.53
o00327,JP,3,3.6,,,,2.89
o00328,JP,5,4.9,,,,1.77
o00329,KR,4,3.1,social,no,none,1.02
o00330,JP,4,2.9,video,no,none,2.35
o00331,JP,3,2.7,,,,2.05
o00332,TH,6,2.6,,,,0.97
o00333,JP,8,1.8,,,,0.84
o00334,JP,7,3.0,video,yes,light,2.48
o00335,KR,5,1.2,social,no,none,1.48
o00336,KR,3,2.9,,,,1.77
o00337,JP,5,3.0,video,yes,none,2.3
o00338,JP,3,1.0,map,no,none,0.42
o00339,JP,6,4.1,,,,1.62
o00340,JP,7,3.2,video,yes,none,2.62
o00341,JP,3,1.5,,,,1.19
o00342,KR,5,3.6,map,no,none,0.75
o00343,JP,3,3.2,video,no,none,1.82
o00344,JP,5,3.6,video,no,none,2.45
o00345,JP,5,2.7,social,yes,none,1.33
o00346,KR,6,3.4,map,no,none,1.0
o00347,TH,5,3.0,video,yes,light,2.1
o00348,JP,5,3.4,map,yes,none,1.34
o00349,JP,5,2.3,social,yes,work,2.29
o00350,KR,8,3.4,map,no,none,0.75
o00351,KR,6,4.9,map,no,none,0.86
o00352,JP,5,3.9,,,,0.8
o00353,JP,6,2.1,video,yes,none,1.83
o00354,JP,4,1.3,social,no,none,0.88
o00355,JP,5,2.4,video,yes,none,2.48
o00356,JP,7,3.0,social,no,none,1.18
o00357,TH,7,3.6,video,yes,none,3.23
o00358,JP,3,2.1,,,,1.09
o00359,KR,5,5.2,,,,2.11
o00360,JP,6,3.2,social,no,work,1.87
o00361,JP,8,1.7,,,,1.48
o00362,JP,4,4.3,map,no,none,0.92
o00363,JP,6,1.4,video,yes,work,4.03
o00364,JP,7,1.4,,,,0.75
o00365,TH,4,2.7,video,no,none,2.28
o00366,TH,6,2.0,map,no,none,0.64
o00367,TH,3,3.3,,,,1.52
o00368,KR,6,3.1,,,,1.37
o00369,JP,6,3.2,social,no,light,0.86
o00370,JP,5,1.8,video,no,none,1.73
o00371,KR,7,5.2,,,,1.9
o00372,JP,6,3.9,,,,0.82
o00373,JP,7,1.5,,,,0.4
o00374,KR,6,2.4,video,no,none,1.83
o00375,KR,3,4.6,social,no,work,2.93
o00376,KR,5,5.4,,,,0.92
o00377,JP,4,3.5,,,,2.35
o00378,JP,4,4.3,social,no,none,1.79
o00379,JP,7,3.5,,,,1.2
o00380,JP,6,2.2,,,,0.52
o00381,JP,6,2.4,,,,0.52
o00382,JP,4,3.7,,,,2.23
o00383,JP,6,2.9,,,,3.13
o00384,TH,5,2.1,map,no,light,0.37
o00385,JP,4,2.8,video,yes,light,2.03
o00386,JP,6,3.7,,,,2.45
o00387,KR,6,4.4,map,yes,none,1.3
o00388,KR,5,5.8,social,no,none,2.32
o00389,KR,6,1.3,map,yes,none,1.08
o00390,JP,3,2.3,map,no,none,0.68
o00391,TH,7,3.3,,,,1.58
o00392,JP,6,2.4,video,yes,none,2.56
o00393,JP,3,2.5,,,,1.7
o00394,TH,8,1.9,social,no,none,1.18
o00395,JP,6,4.8,social,yes,none,2.45
o00396,JP,4,2.4,video,no,none,2.08
o00397,KR,6,2.3,,,,3.15
o00398,KR,3,2.6,,,,1.95
o00399,TH,3,3.2,,,,1.89
o00400,JP,5,2.7,,,,1.31
o00401,JP,4,4.8,,,,2.22
o00402,JP,3,2.4,,,,1.79
o00403,TH,8,3.1,map,no,light,0.36
o00404,TH,7,2.9,map,no,work,1.39
o00405,KR,4,3.2,,,,0.9
o00406,TH,4,2.6,,,,1.63
o00407,TH,5,3.6,social,no,light,1.09
o00408,KR,7,3.7,,,,1.82
o00409,JP,4,2.4,social,no,light,0.75
o00410,TH,3,3.4,map,no,none,0.87
o00411,JP,5,2.2,social,no,none,0.9
o00412,JP,3,3.1,map,no,none,0.9
o00413,JP,8,2.6,,,,0.54
o00414,JP,3,2.2,social,yes,none,1.45
o00415,TH,4,2.4,,,,2.78
o00416,KR,3,3.2,map,no,none,0.97
o00417,KR,5,3.7,,,,2.09
o00418,JP,5,2.0,map,yes,light,0.85
o00419,TH,4,3.1,,,,1.76
o00420,JP,7,4.2,,,,0.84
o00421,TH,6,3.9,map,no,light,0.61
o00422,JP,3,4.1,,,,1.68
o00423,JP,3,2.3,,,,1.35
o00424,JP,6,3.0,video,no,none,2.27
o00425,JP,8,2.4,map,yes,none,1.28
o00426,JP,7,5.7,map,no,none,1.05
o00427,KR,3,4.6,map,no,none,1.12
o00428,JP,4,5.4,social,yes,none,2.21
o00429,JP,5,3.6,,,,0.65
o00430,JP,8,3.6,video,no,none,1.49
o00431,JP,6,3.6,map,no,none,0.62
o00432,JP,3,2.1,,,,0.44
o00433,KR,3,1.9,map,no,none,0.61
o00434,KR,6,4.0,,,,1.37
o00435,JP,7,3.9,,,,0.81
o00436,JP,5,1.8,social,no,none,1.37
o00437,JP,5,1.3,map,no,none,0.38
o00438,KR,5,1.7,map,no,none,0.64
o00439,JP,3,4.0,,,,1.77
o00440,JP,4,3.4,social,no,none,1.56
o00441,KR,3,3.0,,,,0.85
o00442,JP,4,2.7,video,no,none,2.71
o00443,JP,5,1.0,social,no,work,2.36
o00444,JP,8,1.3,map,no,none,0.26
o00445,JP,3,3.7,social,no,none,1.68
o00446,JP,7,2.1,,,,1.82
o00447,TH,4,3.4,social,no,none,1.69
o00448,TH,3,5.8,video,no,none,2.27
o00449,TH,4,3.6,,,,1.82
o00450,KR,8,3.7,map,no,none,0.87
o00451,JP,8,3.5,video,no,none,2.03
o00452,JP,7,3.1,social,yes,none,1.48
o00453,KR,6,3.7,video,no,none,2.12
o00454,JP,5,2.2,video,no,work,2.53
o00455,TH,6,2.4,social,no,none,1.31
o00456,JP,7,3.4,map,no,none,0.68
o00457,JP,4,1.6,social,no,none,0.95
o00458,KR,4,2.7,,,,0.64
o00459,JP,8,3.0,social,no,none,0.95
o00460,JP,6,3.5,map,no,none,0.49
o00461,TH,5,3.7,map,no,work,1.55
o00462,KR,4,4.5,map,no,none,0.99
o00463,KR,7,3.1,video,no,work,3.16
o00464,JP,8,3.0,social,no,none,1.91
o00465,KR,6,3.5,video,no,light,2.36
o00466,KR,8,3.5,,,,1.87
o00467,JP,6,3.1,map,yes,none,1.14
o00468,JP,8,1.6,map,no,work,1.74
o00469,JP,3,2.2,,,,1.26
o00470,JP,5,4.9,,,,0.68
o00471,JP,5,4.0,social,no,light,0.71
o00472,KR,6,2.6,map,no,work,1.93
o00473,KR,6,3.2,,,,1.63
o00474,JP,3,3.0,social,yes,work,3.23
o00475,KR,7,3.6,,,,2.1
o00476,KR,3,3.5,map,yes,light,1.2
o00477,JP,4,2.9,,,,1.52
o00478,JP,6,4.4,social,no,none,1.39
o00479,KR,4,4.2,,,,0.71
o00480,JP,3,3.2,,,,1.27
o00481,JP,8,3.9,social,no,none,1.04
o00482,JP,4,2.8,,,,1.93
o00483,KR,7,1.9,,,,0.87
o00484,JP,6,3.7,,,,1.3
o00485,JP,4,3.3,,,,2.38
o00486,JP,8,3.3,map,no,none,0.52
o00487,TH,5,4.2,,,,2.54
o00488,JP,7,4.3,,,,0.55
o00489,JP,5,1.5,,,,1.59
o00490,JP,5,1.3,,,,1.05
o00491,KR,3,2.4,social,no,work,3.32
o00492,TH,8,3.6,video,no,none,2.19
o00493,TH,7,2.8,video,no,light,1.36
o00494,KR,6,2.8,,,,1.64
o00495,KR,8,3.2,map,yes,none,1.36
o00496,JP,3,3.0,video,no,none,2.22
o00497,JP,7,3.0,social,no,none,1.29
o00498,JP,3,1.8,map,yes,none,0.99
o00499,JP,8,3.5,social,no,light,0.92
o00500,KR,5,4.2,map,no,light,0.45
o00501,TH,5,2.4,,,,0.99
o00502,KR,3,3.5,map,yes,none,1.44
o00503,KR,4,3.6,,,,1.25
o00504,JP,3,3.3,,,,2.76
o00505,JP,3,3.2,map,no,none,0.64
o00506,KR,6,3.1,,,,1.71
o00507,JP,7,2.3,social,no,none,1.01
o00508,JP,3,4.2,map,no,none,1.01
o00509,KR,5,2.8,social,no,none,1.21
o00510,JP,8,2.9,social,yes,work,3.23
o00511,JP,5,1.8,,,,0.39
o00512,JP,3,1.3,,,,1.33
o00513,TH,4,2.7,map,no,none,0.76
o00514,TH,5,1.7,video,yes,light,1.9
o00515,JP,7,2.7,social,no,none,1.35
o00516,JP,3,2.9,map,yes,work,2.08
o00517,JP,5,2.6,video,no,none,2.62
o00518,JP,7,2.9,map,no,none,0.66
o00519,JP,8,2.0,video,no,light,1.26
o00520,JP,7,2.9,,,,1.93
o00521,JP,7,3.1,,,,0.7
o00522,JP,7,1.8,map,no,none,0.33
o00523,JP,4,3.4,video,no,none,2.86
o00524,TH,3,4.5,,,,0.94
o00525,JP,8,1.8,social,yes,none,1.66
o00526,JP,8,4.3,map,yes,none,1.36
o00527,KR,6,2.8,,,,0.45
o00528,JP,3,1.8,,,,2.16
o00529,JP,5,2.8,map,no,none,0.51
o00530,JP,8,5.2,,,,1.99
o00531,KR,8,3.2,map,no,none,0.56
o00532,JP,7,3.7,social,yes,none,1.56
o00533,KR,5,4.0,social,no,none,1.62
o00534,JP,7,2.7,,,,0.67
o00535,KR,6,1.2,,,,1.98
o00536,JP,5,3.9,social,no,none,1.23
o00537,KR,4,4.2,map,no,none,0.82
o00538,KR,7,2.1,map,no,none,0.74
o00539,JP,3,3.3,social,no,none,1.43
o00540,KR,5,2.3,,,,1.53
o00541,JP,6,2.1,,,,0.95
o00542,KR,6,1.9,map,no,none,0.82
o00543,TH,8,2.7,,,,1.39
o00544,KR,3,3.2,social,no,work,2.29
o00545,KR,7,3.3,social,no,none,1.11
o00546,KR,6,3.2,video,yes,none,3.05
o00547,TH,8,5.0,,,,1.68
o00548,JP,3,2.1,,,,1.13
o00549,JP,8,2.9,,,,0.57
o00550,JP,4,3.6,social,yes,light,1.95
o00551,JP,5,3.2,,,,0.66
o00552,JP,8,2.9,,,,0.71
o00553,KR,5,2.5,social,no,none,1.18
o00554,JP,8,1.5,,,,1.74
o00555,JP,7,3.5,social,no,work,2.44
o00556,JP,3,2.3,map,yes,work,1.42
o00557,KR,8,3.0,map,yes,none,1.38
o00558,JP,3,3.9,social,yes,none,2.32
o00559,KR,5,3.7,map,no,none,0.81
o00560,KR,8,3.3,map,no,none,0.89
o00561,JP,4,3.3,map,no,none,0.75
o00562,KR,3,3.1,,,,0.99
o00563,KR,5,2.2,,,,1.55
o00564,JP,6,1.8,map,no,light,0.15
o00565,KR,5,2.9,map,no,work,1.75
o00566,JP,3,2.0,,,,0.79
o00567,KR,7,3.1,,,,0.74
o00568,TH,8,4.9,social,yes,none,1.87
o00569,KR,4,3.3,map,no,none,0.7
o00570,KR,4,4.3,map,yes,none,1.92
o00571,KR,8,3.3,social,no,work,2.32
o00572,TH,7,4.5,,,,1.81
o00573,JP,7,3.4,,,,1.93
o00574,TH,4,4.3,video,yes,none,3.19
o00575,KR,3,3.0,map,no,none,0.66
o00576,KR,5,3.2,,,,2.64
o00577,TH,8,1.3,,,,2.32
o00578,JP,8,4.0,,,,1.68
o00579,JP,6,3.3,,,,0.54
o00580,KR,7,2.7,map,no,none,0.53
o00581,KR,4,3.7,,,,1.3
o00582,KR,4,2.6,,,,0.72
o00583,KR,6,2.4,social,yes,none,2.22
o00584,TH,5,3.0,,,,0.55
o00585,JP,5,3.0,,,,1.38
o00586,KR,4,2.4,,,,1.08
o00587,JP,4,3.4,video,no,none,1.72
o00588,JP,4,2.2,,,,0.19
o00589,JP,4,2.9,social,no,none,1.07
o00590,KR,8,2.8,map,yes,none,1.01
o00591,JP,6,2.7,,,,0.6
o00592,KR,8,3.9,video,no,none,2.49
o00593,KR,8,2.0,map,no,light,0.15
o00594,KR,7,4.8,map,no,none,1.08
o00595,JP,4,3.5,video,yes,none,3.46
o00596,JP,4,3.2,,,,0.56
o00597,JP,8,2.4,map,no,none,0.42
o00598,TH,8,4.3,,,,0.92
o00599,JP,3,3.3,social,no,none,1.54
o00600,KR,8,3.7,social,no,none,1.04
o00601,JP,4,3.5,,,,3.2
o00602,TH,7,2.1,,,,0.54
o00603,JP,5,3.4,map,no,none,0.61
o00604,KR,5,3.5,,,,2.54
o00605,KR,3,3.0,map,no,none,0.88
o00606,JP,7,2.3,,,,0.56
o00607,KR,5,3.2,video,no,none,2.26
o00608,TH,3,3.1,,,,0.99
o00609,TH,6,2.2,map,no,none,0.54
o00610,TH,5,2.5,map,no,none,0.88
o00611,TH,6,3.7,,,,1.45
o00612,JP,6,3.1,,,,0.59
o00613,KR,5,3.7,map,yes,none,1.46
o00614,JP,6,3.2,,,,0.67
o00615,JP,4,3.0,social,yes,none,1.53
o00616,JP,7,1.3,video,no,none,1.06
o00617,TH,4,2.3,social,yes,none,2.1
o00618,JP,5,3.4,,,,1.66
o00619,JP,6,3.3,,,,0.38
o00620,JP,7,2.2,map,no,none,0.49
o00621,TH,8,3.3,,,,2.29
o00622,KR,5,4.2,,,,1.53
o00623,JP,5,2.8,,,,1.15
o00624,KR,5,3.8,video,no,none,3.18
o00625,JP,4,3.0,,,,0.55
o00626,JP,7,3.1,,,,1.08
o00627,JP,7,2.1,social,no,none,1.04
o00628,JP,3,3.3,map,yes,none,1.12
o00629,TH,4,2.2,map,no,none,0.43
o00630,JP,5,4.4,map,no,none,0.84
o00631,JP,5,2.3,map,no,none,0.64
o00632,KR,4,2.9,,,,1.14
o00633,JP,5,3.5,map,no,light,0.46
o00634,TH,3,1.0,social,no,none,1.26
o00635,JP,4,3.7,map,no,work,1.81
o00636,JP,5,2.4,video,no,none,1.75
o00637,JP,3,3.2,,,,1.11
o00638,JP,7,3.7,social,no,none,1.46
o00639,JP,6,2.7,map,no,work,1.41
o00640,JP,3,4.5,,,,0.95
o00641,JP,7,3.0,,,,0.55
o00642,JP,3,2.9,,,,1.76
o00643,JP,6,3.8,social,no,none,1.3
o00644,TH,4,3.2,social,yes,none,1.53
o00645,KR,4,3.5,map,no,none,0.87
o00646,JP,6,3.2,,,,1.54
o00647,TH,7,4.0,,,,0.58
o00648,JP,6,3.6,social,yes,none,1.91
o00649,JP,4,2.2,map,no,none,0.43
o00650,JP,4,1.4,,,,0.53
o00651,KR,7,3.8,,,,2.37
o00652,TH,6,2.6,map,no,none,0.68
o00653,KR,5,2.7,map,no,none,0.45
o00654,KR,6,1.8,map,no,light,0.16
o00655,JP,4,2.6,,,,0.95
o00656,TH,6,1.5,,,,3.21
o00657,JP,4,2.1,,,,1.33
o00658,JP,6,3.0,map,no,light,0.19
o00659,JP,6,1.7,,,,1.1
o00660,JP,4,2.2,,,,2.06
o00661,TH,4,3.2,map,no,none,0.83
o00662,JP,6,2.0,social,no,none,1.01
o00663,KR,6,3.2,,,,1.48
o00664,KR,7,2.2,social,no,none,1.23
o00665,KR,4,3.1,,,,1.73
o00666,JP,6,2.9,,,,2.13
o00667,TH,3,1.4,,,,1.94
o00668,JP,5,1.7,,,,0.58
o00669,JP,4,2.2,map,no,none,0.49
o00670,KR,6,2.1,map,no,none,0.5
o00671,KR,3,4.2,map,no,none,1.2
o00672,JP,6,4.0,,,,2.19
o00673,JP,8,3.6,map,no,none,0.65
o00674,TH,7,3.3,social,no,none,0.87
o00675,KR,4,3.1,,,,2.43
o00676,KR,7,1.7,,,,0.44
o00677,KR,7,2.9,video,yes,light,2.81
o00678,JP,5,2.2,,,,0.56
o00679,JP,6,1.5,,,,2.05
o00680,JP,5,3.0,map,yes,none,1.13
o00681,JP,8,2.3,video,no,work,2.63
o00682,TH,7,3.7,,,,1.11
o00683,JP,4,1.7,,,,0.59
o00684,JP,6,1.4,map,no,none,0.31
o00685,KR,6,3.9,,,,1.27
o00686,JP,8,2.6,map,yes,none,1.26
o00687,JP,6,2.7,,,,1.74
o00688,KR,3,4.7,,,,2.21
o00689,JP,8,2.4,social,yes,none,1.6
o00690,JP,7,2.3,map,no,light,0.15
o00691,JP,3,3.5,,,,1.16
o00692,JP,5,3.9,map,yes,none,1.61
o00693,TH,5,3.5,,,,1.06
o00694,JP,6,2.8,map,no,none,0.45
o00695,JP,6,2.5,,,,0.56
o00696,KR,5,3.0,social,no,none,1.44
o00697,JP,7,3.4,video,no,none,2.48
o00698,TH,3,2.3,video,no,light,1.82
o00699,JP,5,3.6,map,no,light,0.34
o00700,JP,8,4.5,,,,0.98
o00701,JP,4,5.0,,,,1.32
o00702,JP,8,4.3,social,no,none,1.33
o00703,TH,3,3.3,map,no,none,0.94
o00704,JP,3,3.5,video,no,none,2.57
o00705,TH,5,2.5,map,yes,none,1.15
o00706,JP,6,1.7,map,yes,none,1.09
o00707,KR,7,2.6,map,no,none,0.77
o00708,JP,5,1.2,social,no,none,1.04
o00709,KR,3,3.3,,,,2.04
o00710,KR,5,2.2,map,no,light,0.31
o00711,KR,6,3.7,map,yes,light,1.02
o00712,KR,6,2.9,social,yes,work,3.33
o00713,KR,7,1.9,map,no,none,0.61
o00714,TH,4,2.9,,,,1.97
o00715,JP,6,2.4,,,,0.53
o00716,JP,5,1.6,map,yes,work,2.14
o00717,JP,7,2.3,,,,0.91
o00718,JP,8,4.3,social,yes,light,1.71
o00719,KR,5,3.9,social,no,none,1.51
o00720,KR,4,2.1,map,no,none,0.63
o00721,KR,3,4.2,video,no,work,2.57
o00722,JP,3,4.5,,,,1.96
o00723,KR,3,3.3,map,no,none,0.98
o00724,JP,4,3.2,,,,0.69
o00725,TH,7,4.3,social,yes,none,2.29
o00726,TH,7,3.0,map,no,light,0.4
o00727,JP,3,3.1,,,,1.88
o00728,TH,5,4.6,map,yes,none,1.5
o00729,JP,4,3.0,video,no,none,1.98
o00730,JP,5,2.4,,,,0.92
o00731,JP,3,2.8,social,no,none,1.13
o00732,JP,8,3.4,map,no,work,1.17
o00733,JP,8,3.7,,,,2.53
o00734,JP,3,3.5,social,no,none,1.62
o00735,KR,8,3.6,,,,1.59
o00736,KR,4,3.6,,,,1.03
o00737,JP,8,3.3,,,,2.3
o00738,TH,3,3.4,social,no,none,1.55
o00739,KR,3,1.6,social,no,none,1.15
o00740,KR,5,2.3,map,no,none,0.71
o00741,JP,8,2.9,social,no,light,0.86
o00742,JP,8,3.8,,,,1.93
o00743,JP,6,2.2,social,yes,none,1.91
o00744,KR,8,3.7,,,,1.8
o00745,KR,4,1.0,,,,0.5
o00746,JP,4,2.3,,,,1.02
o00747,KR,5,2.5,,,,2.44
o00748,KR,7,1.6,map,no,none,0.48
o00749,JP,4,2.1,,,,0.91
o00750,KR,7,3.2,,,,2.13
o00751,TH,5,3.3,video,no,light,2.14
o00752,JP,6,3.5,,,,1.75
o00753,JP,8,2.1,map,yes,none,0.91
o00754,TH,4,3.4,,,,1.65
o00755,TH,6,1.8,map,no,none,0.51
o00756,JP,3,2.7,video,yes,none,2.62
o00757,TH,5,2.2,,,,3.04
o00758,JP,7,2.5,map,no,work,1.52
o00759,JP,7,3.4,map,no,light,0.25
o00760,JP,5,4.2,social,no,none,1.13
o00761,KR,8,3.2,social,yes,none,1.66
o00762,TH,4,2.9,,,,2.3
o00763,JP,3,1.5,map,yes,light,0.33
o00764,JP,8,4.4,social,no,light,0.66
o00765,JP,6,3.3,social,no,none,1.42
o00766,TH,4,1.6,map,no,light,0.33
o00767,JP,5,3.5,social,yes,none,1.8
o00768,JP,6,3.2,map,no,none,0.63
o00769,JP,8,2.4,social,no,none,1.07
o00770,JP,6,1.5,,,,0.9
o00771,JP,7,2.2,,,,2.38
o00772,KR,7,2.7,social,no,none,1.84
o00773,JP,4,2.4,,,,2.21
o00774,JP,6,3.9,,,,1.16
o00775,KR,4,5.3,video,yes,none,2.87
o00776,JP,6,3.7,map,no,none,0.74
o00777,KR,6,4.0,video,no,none,2.89
o00778,JP,6,3.4,map,no,none,0.77
o00779,JP,3,3.6,,,,0.34
o00780,JP,5,3.3,map,no,none,0.72
o00781,JP,3,3.3,map,no,none,0.67
o00782,JP,7,2.6,,,,1.39
o00783,JP,3,4.0,map,no,none,0.88
o00784,KR,8,1.6,,,,0.6
o00785,JP,7,2.3,video,no,light,1.41
o00786,JP,8,5.0,social,yes,none,1.88
o00787,KR,4,4.0,,,,0.9
o00788,KR,6,3.4,map,no,none,0.71
o00789,KR,5,3.4,,,,0.82
o00790,JP,3,3.9,map,no,none,0.68
o00791,JP,4,2.3,social,no,light,0.71
o00792,JP,8,2.7,social,no,work,2.4
o00793,JP,3,3.5,map,no,none,0.87
o00794,TH,5,3.7,map,no,work,2.41
o00795,JP,8,3.4,map,no,none,0.77
o00796,TH,5,5.2,,,,1.43
o00797,KR,7,4.2,video,no,light,1.89
o00798,KR,3,3.3,map,no,none,0.98
o00799,JP,8,2.8,,,,1.74
o00800,JP,5,3.0,,,,1.2
o00801,JP,5,2.8,,,,1.55
o00802,JP,5,2.9,social,no,light,0.9
o00803,JP,3,2.8,,,,0.53
o00804,JP,5,3.5,map,yes,work,2.22
o00805,JP,8,2.0,,,,2.68
o00806,JP,7,1.0,,,,0.24
o00807,KR,7,1.0,video,no,none,1.92
o00808,JP,6,3.7,video,no,none,1.64
o00809,JP,6,4.7,social,yes,none,2.11
o00810,JP,3,2.8,,,,0.62
o00811,KR,7,1.7,map,no,none,0.48
o00812,JP,3,2.9,social,no,none,0.88
o00813,JP,4,2.7,map,yes,none,1.64
o00814,KR,7,3.0,map,no,none,0.75
o00815,JP,6,2.8,,,,1.35
o00816,TH,3,3.9,map,no,light,0.67
o00817,JP,7,1.8,social,no,none,1.02
o00818,JP,4,3.3,map,no,none,0.68
o00819,KR,8,3.5,map,no,none,0.72
o00820,KR,3,2.9,map,no,none,0.76
o00821,JP,8,1.9,,,,2.0
o00822,JP,8,2.8,map,yes,work,2.18
o00823,JP,7,3.4,,,,1.41
o00824,JP,5,1.8,social,yes,none,1.04
o00825,JP,5,4.8,,,,0.97
o00826,JP,3,3.7,,,,1.46
o00827,JP,3,2.5,map,yes,light,0.75
o00828,JP,4,2.4,map,no,light,0.24
o00829,JP,7,4.2,map,no,none,0.78
o00830,JP,5,1.8,,,,3.53
o00831,JP,8,2.8,map,no,none,0.57
o00832,JP,5,2.9,map,yes,work,2.54
o00833,TH,7,1.1,video,no,light,1.65
o00834,JP,3,2.6,social,no,light,1.12
o00835,JP,7,2.4,,,,2.32
o00836,KR,8,2.1,video,yes,none,2.55
o00837,KR,3,3.5,,,,3.02
o00838,JP,5,1.9,social,no,none,1.14
o00839,JP,4,1.0,,,,0.68
o00840,KR,6,3.2,video,no,none,2.07
o00841,KR,8,2.8,video,no,none,2.23
o00842,JP,5,3.1,,,,1.21
o00843,TH,8,4.3,map,yes,none,1.38
o00844,KR,8,3.7,map,no,none,0.89
o00845,TH,4,2.7,,,,1.59
o00846,TH,5,2.9,social,no,none,1.97
o00847,KR,4,2.8,,,,1.64
o00848,JP,3,4.4,,,,4.03
o00849,KR,4,3.6,,,,2.67
o00850,TH,6,2.1,,,,2.02
o00851,JP,7,3.4,,,,1.97
o00852,TH,6,2.9,social,no,light,1.25
o00853,TH,6,5.3,video,yes,none,2.51
o00854,KR,5,2.2,map,no,none,0.56
o00855,JP,7,1.9,social,no,none,1.35
o00856,JP,3,3.9,map,no,light,0.35
o00857,KR,6,1.7,social,yes,none,1.81
o00858,JP,5,2.9,social,no,none,0.96
o00859,JP,5,2.5,map,no,none,0.52
o00860,JP,4,3.1,map,no,none,0.49
o00861,JP,8,4.1,,,,2.37
o00862,JP,8,3.3,map,yes,work,2.35
o00863,KR,6,2.5,,,,0.33
o00864,JP,3,4.7,map,no,none,0.9
o00865,KR,5,2.2,map,yes,none,1.12
o00866,KR,4,1.4,,,,1.8
o00867,JP,8,1.9,,,,0.29
o00868,JP,3,1.7,,,,0.48
o00869,JP,5,2.1,map,no,none,0.51
o00870,TH,4,2.6,social,no,none,1.93
o00871,TH,7,2.7,video,no,none,2.08
o00872,JP,6,3.6,video,no,none,2.74
o00873,KR,3,4.1,,,,1.51
o00874,JP,5,3.8,,,,0.85
o00875,KR,3,2.9,social,yes,light,1.63
o00876,TH,8,3.3,,,,1.95
o00877,TH,4,2.7,,,,1.93
o00878,TH,6,3.6,,,,1.7
o00879,JP,6,2.1,,,,0.33
o00880,JP,8,2.4,social,no,none,0.96
o00881,JP,8,2.3,video,no,none,1.52
o00882,JP,7,3.0,social,no,none,1.48
o00883,JP,8,3.7,social,no,none,1.28
o00884,TH,6,2.4,,,,1.02
o00885,JP,3,3.4,,,,2.62
o00886,TH,8,3.8,map,no,none,0.83
o00887,JP,7,4.4,,,,2.27
o00888,JP,6,3.6,map,no,none,0.7
o00889,KR,6,1.0,,,,1.73
o00890,JP,3,3.6,map,yes,none,1.39
o00891,KR,3,2.6,,,,1.78
o00892,JP,4,4.1,,,,1.42
o00893,JP,7,1.6,,,,1.0
o00894,KR,6,3.8,,,,0.51
o00895,JP,8,4.1,video,no,none,2.06
o00896,JP,5,2.7,map,no,none,0.47
o00897,JP,7,3.6,,,,1.26
o00898,KR,4,3.1,social,no,none,1.35
o00899,JP,3,5.2,social,no,none,1.79
o00900,JP,3,3.3,map,no,none,0.76
o00901,KR,6,3.2,,,,3.01
o00902,JP,3,3.0,map,no,none,0.52
o00903,KR,3,2.2,,,,1.75
o00904,TH,7,4.8,social,no,none,1.45
o00905,JP,6,3.7,social,no,light,1.06
o00906,KR,3,2.4,map,yes,none,1.45
o00907,TH,5,1.6,,,,0.9
o00908,JP,6,4.6,map,no,none,0.95
o00909,JP,4,2.7,map,no,none,0.54
o00910,JP,3,2.1,,,,2.04
o00911,JP,5,2.6,map,no,light,0.19
o00912,JP,7,3.0,,,,0.92
o00913,JP,6,4.0,map,no,light,0.48
o00914,KR,8,3.5,,,,2.81
o00915,KR,4,4.3,,,,1.53
o00916,KR,3,3.6,,,,1.45
o00917,JP,4,2.9,video,no,light,2.33
o00918,JP,4,2.7,,,,1.72
o00919,KR,7,1.7,social,no,none,1.03
o00920,KR,8,2.9,social,no,none,1.23
o00921,JP,7,2.7,,,,0.6
o00922,JP,5,3.3,social,no,none,1.82
o00923,KR,5,1.6,map,no,none,0.52
o00924,JP,7,4.0,,,,2.27
o00925,KR,7,2.0,,,,1.12
o00926,TH,4,2.1,video,no,none,2.64
o00927,KR,6,2.6,social,no,light,1.06
o00928,JP,4,3.3,,,,0.98
o00929,TH,3,2.9,map,yes,none,0.92
o00930,JP,8,4.7,,,,0.46
o00931,JP,5,5.0,map,no,none,1.24
o00932,TH,3,2.5,,,,1.31
o00933,JP,6,2.8,map,no,none,0.5
o00934,JP,3,1.5,,,,0.46
o00935,JP,5,2.1,map,no,none,0.47
o00936,KR,3,2.2,,,,1.39
o00937,TH,6,4.2,,,,3.89
o00938,KR,7,5.1,map,yes,none,2.34
o00939,KR,7,2.8,,,,1.61
o00940,JP,8,3.0,social,yes,none,1.53
o00941,JP,5,3.7,map,no,none,0.69
o00942,KR,6,2.9,,,,2.02
o00943,TH,8,4.8,map,no,none,1.39
o00944,JP,8,2.8,,,,0.46
o00945,JP,5,4.6,,,,0.93
o00946,TH,6,4.0,social,no,none,1.48
o00947,TH,7,3.5,,,,2.55
o00948,JP,8,2.0,social,no,light,0.58
o00949,JP,6,3.3,map,no,none,0.8
o00950,JP,3,3.4,video,no,none,2.08
o00951,KR,3,1.6,,,,0.45
o00952,KR,5,3.1,,,,2.04
o00953,TH,6,4.1,social,no,none,1.59
o00954,KR,8,2.8,map,yes,none,1.24
o00955,KR,5,1.9,,,,2.04
o00956,JP,4,4.8,,,,2.44
o00957,JP,4,3.5,,,,2.52
o00958,KR,6,4.3,,,,2.8
o00959,KR,7,3.4,social,no,light,1.07
o00960,KR,6,3.0,video,no,none,1.99
o00961,TH,6,4.1,,,,2.31
o00962,JP,3,3.8,social,no,none,1.65
o00963,JP,3,4.1,social,no,none,1.57
o00964,KR,3,3.9,map,yes,light,1.26
o00965,JP,7,2.1,,,,0.34
o00966,KR,6,2.7,map,no,none,0.49
o00967,TH,8,3.5,,,,1.29
o00968,JP,4,2.6,map,no,none,0.55
o00969,TH,5,1.8,map,yes,none,1.21
o00970,KR,6,3.9,map,no,none,1.05
o00971,JP,5,3.8,,,,0.61
o00972,TH,3,3.3,,,,3.03
o00973,JP,6,2.9,map,yes,none,1.58
o00974,JP,8,3.6,map,no,none,0.59
o00975,TH,5,3.5,map,yes,none,1.37
o00976,TH,5,2.1,,,,1.26
o00977,TH,4,3.8,,,,0.9
o00978,JP,4,2.4,,,,1.22
o00979,JP,7,1.7,video,no,none,1.52
o00980,KR,8,2.9,map,no,none,0.65
o00981,JP,6,2.2,map,no,none,0.4
o00982,KR,5,4.5,,,,2.88
o00983,JP,8,1.0,social,yes,light,1.19
o00984,TH,8,2.6,,,,1.79
o00985,JP,7,4.3,,,,3.89
o00986,JP,7,2.5,,,,0.71
o00987,JP,6,3.6,,,,1.89
o00988,KR,6,4.0,,,,0.51
o00989,JP,5,2.6,social,yes,work,3.83
o00990,JP,5,2.2,map,no,light,0.17
o00991,JP,6,3.1,,,,0.62
o00992,JP,4,2.3,video,no,none,1.97
o00993,JP,8,3.0,social,yes,none,1.66
o00994,TH,7,3.7,social,no,none,1.37
o00995,KR,8,3.1,,,,2.01
o00996,JP,3,2.6,,,,2.16
o00997,JP,5,1.3,map,no,none,0.43
o00998,JP,5,3.1,map,no,none,0.61
o00999,JP,7,2.5,social,yes,none,1.69
o01000,KR,7,4.2,social,no,none,1.14
o01001,TH,4,2.3,map,yes,none,1.3
o01002,JP,6,2.6,,,,1.66
o01003,JP,6,1.9,,,,1.92
o01004,KR,6,3.8,social,no,none,1.89
o01005,JP,3,5.5,video,no,work,2.11
o01006,JP,6,2.6,social,no,light,0.77
o01007,TH,7,1.9,social,yes,none,1.88
o01008,KR,3,2.7,map,no,none,0.96
o01009,KR,7,2.1,,,,1.53
o01010,TH,6,3.5,video,no,none,2.37
o01011,JP,8,3.0,,,,0.87
o01012,TH,3,2.5,,,,1.39
o01013,KR,4,3.1,social,yes,none,2.04
o01014,KR,4,2.4,,,,0.57
o01015,JP,3,2.5,,,,0.36
o01016,TH,6,3.9,social,no,light,1.15
o01017,TH,5,2.0,social,no,none,1.18
o01018,KR,6,2.5,,,,0.56
o01019,JP,5,2.3,video,yes,none,2.68
o01020,JP,8,3.7,social,yes,none,1.15
o01021,JP,6,3.4,map,yes,none,1.37
o01022,KR,7,2.4,map,no,none,0.64
o01023,JP,7,1.8,map,no,none,0.37
o01024,JP,6,3.3,map,no,none,0.69
o01025,JP,4,3.6,video,no,work,4.16
o01026,KR,3,2.5,video,no,light,1.37
o01027,TH,4,4.1,map,no,none,0.94
o01028,JP,7,2.9,map,no,none,0.69
o01029,JP,4,1.4,,,,0.36
o01030,TH,6,4.0,,,,1.23
o01031,TH,4,2.6,video,no,none,2.58
o01032,JP,7,2.8,,,,1.38
o01033,JP,5,2.5,map,no,none,0.66
o01034,JP,4,2.8,map,no,none,0.64
o01035,JP,8,2.8,social,no,none,1.05
o01036,JP,5,4.6,,,,0.83
o01037,TH,4,2.3,,,,0.98
o01038,KR,5,1.6,,,,1.75
o01039,JP,7,3.0,map,yes,none,1.06
o01040,JP,8,2.9,social,yes,none,1.8
o01041,KR,5,2.5,,,,0.53
o01042,JP,8,2.3,map,yes,none,0.75
o01043,JP,6,3.2,,,,0.93
o01044,JP,7,3.7,map,no,none,0.63
o01045,JP,7,2.8,map,yes,none,1.07
o01046,JP,7,2.2,map,no,light,0.15
o01047,JP,8,4.2,,,,1.68
o01048,JP,5,2.7,video,no,none,2.24
o01049,KR,8,2.9,,,,2.55
o01050,JP,4,3.5,map,no,none,0.81
o01051,JP,3,3.8,,,,1.25
o01052,KR,4,1.2,map,no,none,0.55
o01053,KR,6,1.3,,,,3.77
o01054,JP,5,1.7,,,,0.4
o01055,KR,3,2.9,,,,2.75
o01056,JP,7,2.8,video,no,light,1.54
o01057,JP,3,2.7,video,no,work,2.84
o01058,TH,8,2.2,,,,0.75
o01059,JP,6,1.8,,,,1.51
o01060,KR,3,2.1,video,no,none,2.32
o01061,KR,7,4.3,,,,3.29
o01062,KR,6,2.8,,,,3.05
o01063,KR,4,4.1,,,,1.61
o01064,JP,7,2.8,social,yes,work,3.05
o01065,KR,8,3.5,video,yes,none,2.01
o01066,KR,8,3.0,video,no,light,1.41
o01067,JP,5,1.9,video,no,none,2.19
o01068,TH,5,3.0,map,yes,light,1.01
o01069,JP,3,3.7,video,no,none,2.9
o01070,TH,6,1.8,map,no,none,0.58
o01071,JP,4,4.5,map,no,none,0.86
o01072,JP,3,4.0,,,,1.22
o01073,KR,8,1.0,social,yes,none,1.14
o01074,KR,6,3.1,video,no,none,2.6
o01075,JP,4,2.7,,,,0.86
o01076,TH,3,3.8,social,no,none,1.47
o01077,KR,5,3.7,map,no,none,0.88
o01078,JP,3,3.0,,,,0.94
o01079,JP,4,2.6,map,no,none,0.69
o01080,KR,4,4.8,map,yes,none,1.59
o01081,JP,8,4.4,,,,0.86
o01082,JP,8,2.4,social,no,none,1.1
o01083,JP,8,3.3,,,,1.57
o01084,JP,3,5.4,,,,2.4
o01085,TH,8,3.2,,,,1.72
o01086,JP,3,3.1,,,,1.41
o01087,KR,8,1.9,,,,0.6
o01088,JP,7,1.7,,,,0.43
o01089,TH,8,3.2,map,no,none,0.86
o01090,JP,6,2.9,social,no,none,1.1
o01091,KR,4,1.1,map,no,light,0.15
o01092,JP,5,3.8,map,yes,none,1.39
o01093,KR,3,4.4,map,no,none,1.05
o01094,JP,3,3.3,,,,2.01
o01095,KR,3,3.6,,,,1.49
o01096,JP,8,5.2,,,,1.84
o01097,JP,5,3.9,,,,0.53
o01098,KR,8,3.6,,,,0.71
o01099,JP,8,4.6,social,no,none,1.77
o01100,JP,5,3.9,,,,0.49
o01101,JP,7,3.7,social,no,light,0.73
o01102,JP,3,2.5,video,no,none,2.54
o01103,KR,6,2.4,,,,0.52
o01104,KR,4,3.6,map,no,none,1.04
o01105,JP,7,1.8,,,,1.08
o01106,TH,5,2.3,,,,1.68
o01107,TH,8,3.5,map,no,none,0.67
o01108,TH,8,3.0,,,,1.19
o01109,JP,3,2.9,social,no,work,2.22
o01110,JP,3,1.5,map,yes,none,0.86
o01111,JP,6,3.6,,,,1.44
o01112,JP,6,3.1,video,no,none,2.16
o01113,KR,6,2.3,video,yes,none,2.64
o01114,KR,3,2.9,map,yes,work,2.57
o01115,JP,6,3.8,,,,0.62
o01116,JP,6,3.5,video,no,none,2.26
o01117,KR,7,3.1,,,,2.39
o01118,KR,7,2.1,map,no,none,0.51
o01119,JP,4,2.2,,,,2.26
o01120,JP,4,2.8,social,no,light,0.92
o01121,KR,8,3.2,,,,1.34
o01122,JP,4,3.6,map,no,none,0.85
o01123,JP,7,2.1,map,yes,work,2.2
o01124,KR,6,3.7,social,no,none,1.26
o01125,TH,8,4.4,,,,1.55
o01126,JP,8,2.6,,,,1.15
o01127,TH,7,1.7,,,,0.46
o01128,JP,6,2.5,social,yes,none,2.49
o01129,JP,8,2.9,video,no,none,2.13
o01130,JP,8,3.8,,,,2.51
o01131,JP,4,4.0,map,no,light,0.58
o01132,KR,8,1.4,social,no,none,0.87
o01133,KR,6,2.7,,,,0.82
o01134,TH,4,3.1,map,no,none,0.81
o01135,KR,4,2.5,,,,1.89
o01136,JP,4,2.8,social,no,none,1.25
o01137,JP,6,2.9,,,,0.63
o01138,TH,5,4.2,social,no,none,1.31
o01139,JP,5,2.4,,,,0.5
o01140,KR,6,3.6,,,,0.59
o01141,KR,4,3.7,social,yes,none,2.33
o01142,JP,6,3.9,map,no,light,0.41
o01143,JP,7,3.5,,,,0.81
o01144,JP,3,2.8,,,,0.55
o01145,JP,6,2.1,map,no,none,0.54
o01146,TH,5,1.8,map,yes,none,1.05
o01147,JP,3,3.3,video,no,none,2.3
o01148,KR,4,2.8,,,,0.32
o01149,KR,6,3.4,social,no,none,1.42
o01150,KR,4,1.8,map,no,none,0.61
o01151,JP,8,4.1,,,,1.67
o01152,JP,6,3.6,map,no,none,1.0
o01153,JP,3,3.0,,,,1.06
o01154,KR,3,3.0,,,,1.32
o01155,KR,7,1.3,social,no,none,1.1
o01156,JP,3,2.6,map,no,none,1.0
o01157,JP,3,3.6,map,no,none,0.8
o01158,JP,7,4.1,map,no,light,0.38
o01159,KR,7,2.3,,,,1.63
o01160,JP,3,3.8,,,,2.38
o01161,JP,5,3.9,video,no,none,1.75
o01162,KR,5,2.1,,,,1.13
o01163,JP,7,3.4,video,no,none,2.76
o01164,KR,5,1.9,video,no,none,1.74
o01165,JP,4,2.3,,,,1.72
o01166,JP,8,3.1,social,yes,work,2.5
o01167,KR,4,2.0,social,no,light,0.73
o01168,KR,4,2.7,map,no,none,0.38
o01169,TH,7,3.9,video,yes,light,2.1
o01170,JP,6,2.8,map,no,none,0.51
o01171,JP,6,3.2,map,no,work,1.44
o01172,JP,7,1.3,map,yes,none,1.02
o01173,JP,7,2.9,,,,1.58
o01174,TH,5,3.6,social,yes,none,2.2
o01175,JP,6,1.0,social,yes,none,1.52
o01176,JP,5,4.4,,,,1.35
o01177,JP,5,3.2,,,,0.67
o01178,JP,6,2.5,map,no,none,0.51
o01179,KR,3,3.7,video,yes,none,3.61
o01180,JP,8,3.0,social,no,none,1.11
o01181,JP,5,2.5,,,,1.18
o01182,JP,6,4.3,,,,3.33
o01183,JP,5,3.9,video,no,none,2.3
o01184,TH,6,3.9,,,,1.66
o01185,KR,3,2.5,map,no,none,0.55
o01186,JP,7,4.3,,,,1.42
o01187,KR,5,2.4,map,yes,none,1.56
o01188,JP,5,3.0,,,,2.77
o01189,TH,8,2.5,social,no,none,1.23
o01190,JP,8,3.6,,,,2.61
o01191,JP,7,1.0,map,no,work,1.73
o01192,KR,7,4.4,,,,2.68
o01193,JP,8,3.4,,,,0.59
o01194,TH,3,2.3,map,no,work,1.63
o01195,TH,8,3.5,,,,1.94
o01196,JP,5,3.4,map,no,none,0.57
o01197,JP,5,1.4,map,yes,none,0.81
o01198,JP,3,3.1,map,no,none,0.5
o01199,TH,3,3.7,,,,1.55
o01200,KR,8,3.4,,,,1.02
o01201,JP,8,2.6,map,yes,none,1.02
o01202,KR,6,4.3,,,,2.73
o01203,JP,3,3.5,map,yes,none,1.08
o01204,JP,8,2.9,,,,1.57
o01205,JP,6,4.6,map,no,none,0.68
o01206,KR,5,3.8,video,no,light,2.79
o01207,JP,4,3.5,video,yes,none,1.92
o01208,KR,4,1.6,map,no,light,0.2
o01209,JP,8,2.8,,,,0.61
o01210,KR,3,3.0,,,,1.64
o01211,KR,5,2.7,,,,2.42
o01212,JP,5,2.9,,,,2.3
o01213,JP,5,2.6,map,no,none,0.45
o01214,JP,8,1.1,,,,0.83
o01215,TH,6,1.6,social,no,work,2.09
o01216,JP,6,1.8,social,no,none,1.39
o01217,KR,5,1.2,,,,0.32
o01218,JP,4,2.4,,,,1.63
o01219,JP,4,4.3,social,no,none,1.1
o01220,JP,7,2.0,map,no,light,0.15
o01221,JP,3,1.0,map,no,none,0.37
o01222,TH,3,2.6,map,yes,work,2.63
o01223,JP,7,3.4,,,,1.44
o01224,JP,6,3.0,map,no,none,0.7
o01225,KR,3,4.2,,,,2.47
o01226,JP,4,2.8,map,no,none,0.56
o01227,JP,8,2.2,,,,0.97
o01228,KR,8,3.8,,,,1.44
o01229,TH,8,4.4,,,,1.46
o01230,TH,3,2.6,,,,0.43
o01231,JP,6,2.7,map,no,none,0.51
o01232,JP,3,1.9,,,,1.39
o01233,KR,4,4.0,social,no,none,1.65
o01234,TH,7,3.4,map,no,none,0.82
o01235,JP,5,3.4,social,yes,none,1.5
o01236,JP,8,2.3,social,no,none,1.14
o01237,JP,5,2.5,map,no,none,0.57
o01238,JP,4,2.1,map,no,none,0.45
o01239,KR,8,3.9,,,,2.43
o01240,JP,3,3.2,social,no,none,1.44
o01241,KR,6,3.1,,,,0.33
o01242,TH,3,4.5,map,no,none,1.38
o01243,JP,4,2.9,video,no,none,2.14
o01244,KR,4,3.9,social,no,none,2.0
o01245,KR,6,3.5,social,no,none,1.26
o01246,JP,7,1.3,social,no,none,1.37
o01247,TH,3,2.0,,,,1.04
o01248,JP,5,4.0,social,no,none,1.23
o01249,KR,6,1.7,map,no,none,0.53
o01250,JP,6,3.2,,,,0.23
o01251,KR,7,2.6,social,no,none,0.82
o01252,JP,6,3.6,social,yes,none,2.12
o01253,TH,7,3.0,,,,0.99
o01254,JP,7,3.6,,,,0.66
o01255,JP,6,2.4,social,no,none,0.87
o01256,JP,8,2.9,social,no,none,1.1
o01257,TH,8,2.7,,,,1.55
o01258,JP,6,3.5,,,,0.68
o01259,JP,3,3.0,social,yes,none,1.42
o01260,JP,3,3.9,,,,0.41
o01261,JP,4,2.4,social,yes,none,1.65
o01262,JP,3,2.1,map,no,none,0.51
o01263,TH,3,1.0,video,yes,none,2.37
o01264,TH,4,3.3,social,no,none,1.31
o01265,JP,5,3.8,,,,0.71
o01266,JP,4,2.8,social,no,none,1.08
o01267,KR,6,2.4,,,,0.64
o01268,KR,5,1.9,,,,0.52
o01269,JP,5,1.1,map,yes,work,1.73
o01270,JP,4,2.8,map,no,none,0.57
o01271,JP,6,3.2,,,,0.65
o01272,KR,8,2.4,,,,3.17
o01273,TH,5,2.2,,,,1.69
o01274,JP,3,3.8,map,no,light,0.34
o01275,KR,6,4.4,map,no,none,0.83
o01276,JP,7,2.8,,,,1.76
o01277,KR,4,2.7,video,yes,light,3.42
o01278,JP,4,1.8,video,no,none,1.58
o01279,JP,4,2.2,map,no,work,1.52
o01280,JP,8,4.2,video,no,light,1.61
o01281,TH,7,3.4,map,yes,none,1.82
o01282,JP,6,2.7,video,no,none,2.01
o01283,TH,6,4.7,,,,0.79
o01284,JP,5,4.0,,,,1.3
o01285,TH,5,2.8,map,yes,work,2.23
o01286,KR,6,3.3,,,,1.55
o01287,JP,7,3.6,,,,0.26
o01288,KR,8,4.6,,,,0.52
o01289,TH,7,3.3,map,no,none,0.76
o01290,KR,4,3.1,social,no,work,2.59
o01291,TH,6,3.9,,,,0.47
o01292,KR,6,1.2,map,yes,light,0.77
o01293,JP,5,2.3,,,,1.03
o01294,JP,6,2.3,social,no,none,1.8
o01295,KR,7,3.5,map,no,none,0.47
o01296,KR,5,3.0,,,,0.6
o01297,JP,4,3.8,social,yes,none,2.36
o01298,JP,6,2.7,,,,1.62
o01299,JP,6,3.1,map,no,none,0.69
o01300,JP,4,3.0,map,no,work,1.54
o01301,JP,3,3.0,map,no,none,0.92
o01302,KR,4,4.0,social,no,none,1.2
o01303,TH,4,4.4,,,,2.38
o01304,JP,8,3.2,,,,1.4
o01305,JP,8,4.1,map,no,none,0.74
o01306,JP,6,2.3,video,yes,none,2.51
o01307,JP,6,2.5,,,,0.44
o01308,KR,7,3.5,,,,1.42
o01309,JP,8,5.0,social,no,none,1.36
o01310,JP,3,2.8,social,no,none,1.1
o01311,TH,3,4.0,map,no,none,1.77
o01312,JP,8,3.7,,,,2.61
o01313,JP,7,2.3,,,,1.02
o01314,JP,6,3.6,map,no,none,0.65
o01315,JP,6,4.5,,,,1.43
o01316,JP,3,2.8,social,no,none,1.48
o01317,JP,4,3.6,,,,3.0
o01318,TH,5,1.2,social,no,none,1.14
o01319,JP,7,5.1,,,,1.76
o01320,JP,6,2.6,,,,1.41
o01321,KR,6,1.3,,,,1.05
o01322,JP,5,3.7,,,,2.03
o01323,JP,8,3.5,map,no,none,0.76
o01324,JP,7,1.0,,,,1.09
o01325,JP,3,2.8,map,no,none,0.5
o01326,JP,3,3.2,,,,2.85
o01327,KR,3,3.5,,,,0.38
o01328,TH,4,3.0,,,,1.94
o01329,TH,3,3.8,,,,2.84
o01330,JP,5,2.4,map,no,none,0.61
o01331,KR,6,3.0,,,,0.56
o01332,JP,8,5.8,,,,2.21
o01333,JP,5,2.6,map,no,none,0.52
o01334,TH,5,2.8,map,no,none,0.71
o01335,KR,4,2.8,map,yes,light,0.94
o01336,KR,8,2.7,social,no,none,1.25
o01337,TH,7,3.1,map,no,none,0.56
o01338,KR,5,2.3,social,no,none,1.43
o01339,JP,8,1.1,map,no,light,0.15
o01340,TH,3,1.6,,,,1.13
o01341,JP,6,2.4,map,no,none,0.51
o01342,JP,5,1.8,,,,1.63
o01343,JP,5,4.1,,,,1.24
o01344,JP,5,2.1,,,,1.54
o01345,JP,5,2.2,social,no,none,1.05
o01346,JP,6,1.6,,,,2.92
o01347,JP,6,3.7,,,,2.35
o01348,KR,5,2.9,,,,1.96
o01349,JP,4,3.7,,,,1.54
o01350,JP,4,3.0,video,yes,none,2.63
o01351,KR,5,2.8,map,no,none,0.86
o01352,JP,8,2.3,map,no,none,0.37
o01353,JP,4,2.1,map,yes,none,1.31
o01354,KR,7,3.4,,,,1.2
o01355,JP,7,3.1,,,,1.88
o01356,JP,8,3.1,,,,0.65
o01357,JP,4,3.4,,,,1.84
o01358,KR,4,2.8,map,no,light,0.49
o01359,JP,4,1.6,map,no,none,0.51
o01360,JP,7,1.5,social,no,none,0.97
o01361,JP,7,3.5,video,no,work,3.69
o01362,JP,4,2.9,video,no,none,2.46
o01363,KR,4,1.9,map,no,none,0.66
o01364,TH,7,1.8,social,no,light,0.71
o01365,JP,4,3.7,map,yes,none,1.12
o01366,KR,3,3.4,social,no,none,2.02
o01367,JP,8,1.4,,,,0.77
o01368,TH,7,2.5,social,yes,none,1.79
o01369,TH,5,2.2,social,no,light,1.02
o01370,JP,8,2.7,social,no,work,2.05
o01371,JP,8,2.4,social,no,none,1.14
o01372,KR,5,2.7,map,no,none,0.55
o01373,JP,7,4.1,,,,3.17
o01374,KR,8,2.1,map,no,none,0.61
o01375,JP,7,2.6,,,,1.79
o01376,JP,6,3.9,,,,1.62
o01377,JP,7,2.9,video,no,none,1.95
o01378,JP,3,2.6,,,,1.25
o01379,JP,4,2.9,,,,0.45
o01380,KR,8,1.7,,,,0.48
o01381,KR,4,3.8,social,yes,none,1.95
o01382,JP,6,1.2,,,,1.57
o01383,TH,8,2.0,,,,3.85
o01384,JP,6,2.9,social,yes,none,1.74
o01385,JP,5,2.6,social,no,none,1.21
o01386,JP,6,3.0,map,no,none,0.49
o01387,KR,8,4.2,,,,1.5
o01388,TH,4,3.5,,,,1.51
o01389,JP,8,1.0,social,no,none,0.96
o01390,TH,7,3.9,,,,3.6
o01391,JP,8,1.7,,,,1.03
o01392,KR,3,2.5,,,,0.34
o01393,KR,6,4.2,video,no,none,2.19
o01394,TH,4,2.5,,,,2.51
o01395,JP,5,2.6,map,no,none,0.55
o01396,TH,6,2.0,map,no,none,0.83
o01397,JP,8,2.7,,,,0.86
o01398,KR,6,2.8,map,no,work,2.1
o01399,KR,8,3.4,,,,1.61
o01400,TH,5,2.7,map,no,work,1.98
o01401,JP,6,3.1,map,no,none,0.62
o01402,JP,4,4.4,video,yes,none,2.42
o01403,KR,7,3.1,,,,1.9
o01404,TH,4,2.9,,,,3.02
o01405,TH,7,2.2,,,,1.87
o01406,JP,3,3.4,social,no,work,3.5
o01407,TH,5,2.1,social,no,none,1.18
o01408,KR,6,2.4,video,no,none,2.33
o01409,TH,3,3.5,map,no,work,2.15
o01410,KR,4,1.6,video,no,none,1.82
o01411,KR,4,3.1,map,no,none,0.8
o01412,JP,6,1.5,,,,2.47
o01413,JP,3,2.0,map,yes,work,1.87
o01414,TH,4,3.9,social,yes,none,1.59
o01415,KR,6,2.4,social,no,work,3.02
o01416,TH,7,3.2,map,yes,work,2.12
o01417,KR,8,3.0,video,no,none,1.96
o01418,JP,3,3.9,social,no,none,1.73
o01419,JP,6,3.3,,,,1.2
o01420,JP,3,3.3,map,yes,light,1.34
o01421,KR,4,3.2,video,no,none,1.85
o01422,JP,5,4.2,map,no,none,0.67
o01423,JP,5,2.6,social,no,none,0.85
o01424,JP,3,2.7,social,yes,none,2.26
o01425,JP,4,2.5,video,yes,none,1.96
o01426,KR,3,1.9,,,,1.75
o01427,JP,4,3.6,map,no,light,0.34
o01428,JP,8,1.1,map,yes,light,0.67
o01429,JP,5,2.6,map,no,work,1.55
o01430,JP,5,3.9,,,,0.36
o01431,JP,6,3.5,,,,1.09
o01432,TH,6,1.6,map,no,none,0.69
o01433,KR,5,2.8,map,no,none,0.86
o01434,JP,4,1.7,,,,1.05
o01435,JP,6,3.7,,,,1.49
o01436,KR,4,3.1,map,no,none,0.87
o01437,JP,7,3.3,social,no,none,1.49
o01438,TH,4,2.9,social,no,none,1.57
o01439,JP,4,1.4,social,no,none,1.16
o01440,TH,6,3.3,,,,2.25
o01441,JP,5,3.9,social,yes,light,1.68
o01442,TH,8,2.8,,,,1.77
o01443,TH,4,4.3,,,,1.71
o01444,JP,8,2.4,map,no,none,0.53
o01445,JP,3,3.7,video,no,none,2.41
o01446,TH,3,3.9,social,no,none,1.42
o01447,KR,8,4.0,map,yes,none,1.59
o01448,JP,3,3.4,,,,1.94
o01449,TH,4,2.5,video,no,none,1.77
o01450,TH,6,3.6,map,no,light,0.61
o01451,TH,7,4.7,,,,2.91
o01452,JP,8,2.4,social,yes,none,1.51
o01453,JP,8,3.5,,,,1.71
o01454,JP,8,3.4,,,,1.25
o01455,KR,4,2.0,map,no,none,0.61
o01456,KR,6,3.1,video,no,none,2.04
o01457,TH,6,3.6,,,,0.43
o01458,KR,6,1.3,,,,1.36
o01459,TH,6,2.1,social,no,none,1.36
o01460,TH,7,3.3,map,no,none,0.93
o01461,TH,8,3.0,map,no,none,0.59
o01462,JP,5,3.5,,,,1.34
o01463,KR,5,2.7,,,,2.12
o01464,JP,4,2.7,map,no,none,0.63
o01465,JP,8,2.5,,,,1.57
o01466,TH,8,2.5,,,,0.56
o01467,TH,5,4.0,map,no,none,0.99
o01468,KR,7,4.0,map,no,none,0.76
o01469,JP,4,2.6,map,no,none,0.69
o01470,JP,7,2.6,map,no,none,0.46
o01471,TH,7,3.3,,,,2.19
o01472,JP,7,3.6,social,no,none,1.03
o01473,KR,3,3.1,,,,1.16
o01474,JP,3,1.3,social,yes,none,1.91
o01475,KR,4,2.5,,,,1.92
o01476,JP,5,2.8,,,,0.54
o01477,KR,7,2.9,,,,2.76
o01478,TH,4,2.3,map,yes,none,1.37
o01479,KR,8,4.0,,,,0.75
o01480,KR,8,4.0,social,no,none,1.19
o01481,JP,7,3.2,,,,0.29
o01482,TH,5,3.1,map,yes,none,1.12
o01483,KR,6,2.7,,,,0.89
o01484,KR,8,1.7,,,,0.32
o01485,KR,4,2.8,map,yes,none,1.79
o01486,JP,5,3.1,,,,0.88
o01487,JP,6,2.8,social,no,none,1.04
o01488,JP,8,4.5,,,,1.63
o01489,KR,7,2.9,social,no,none,1.76
o01490,JP,8,2.1,,,,1.76
o01491,JP,6,4.5,social,no,none,1.46
o01492,JP,7,3.2,,,,1.04
o01493,JP,3,3.9,,,,1.39
o01494,JP,8,4.1,,,,1.86
o01495,TH,4,4.3,,,,2.26
o01496,JP,8,2.3,social,no,none,1.02
o01497,TH,5,3.3,video,no,none,2.22
o01498,JP,4,3.2,,,,1.59
o01499,JP,4,3.1,social,yes,none,1.55
o01500,TH,6,2.2,social,yes,work,4.22
o01501,TH,3,2.6,map,yes,none,0.83
o01502,JP,8,4.0,map,no,none,0.56
o01503,KR,4,2.4,,,,0.63
o01504,JP,3,2.5,social,no,none,1.71
o01505,JP,5,2.9,map,no,light,0.32
o01506,KR,6,4.1,,,,0.96
o01507,TH,7,3.5,social,no,none,1.24
o01508,JP,4,3.0,,,,0.73
o01509,JP,5,1.6,map,no,none,0.58
o01510,JP,5,3.4,social,yes,none,2.58
o01511,KR,8,1.8,social,yes,none,1.42
o01512,JP,3,1.6,,,,1.1
o01513,KR,8,5.9,,,,2.0
o01514,TH,6,2.7,,,,1.58
o01515,JP,3,3.0,,,,1.98
o01516,JP,5,2.8,map,no,none,0.53
o01517,JP,3,2.5,social,yes,none,1.69
o01518,JP,3,2.6,social,no,light,1.09
o01519,JP,5,2.0,,,,1.25
o01520,JP,5,3.6,video,no,work,2.37
o01521,JP,3,2.2,,,,0.18
o01522,KR,8,3.4,,,,1.13
o01523,TH,3,2.7,map,no,none,0.71
o01524,TH,4,1.8,map,no,none,0.64
o01525,JP,4,1.9,,,,0.19
o01526,JP,3,3.4,,,,3.0
o01527,KR,5,3.2,social,no,none,1.59
o01528,JP,4,3.7,social,no,work,2.15
o01529,KR,4,4.5,social,no,none,1.52
o01530,JP,3,2.8,map,no,none,0.87
o01531,KR,8,1.6,,,,1.92
o01532,JP,7,4.0,,,,1.08
o01533,TH,5,2.7,map,no,none,0.86
o01534,JP,8,1.8,,,,0.15
o01535,JP,7,1.9,map,yes,light,0.75
o01536,JP,8,2.4,,,,2.68
o01537,TH,5,2.1,,,,0.6
o01538,JP,4,3.3,,,,1.45
o01539,JP,6,4.7,social,no,none,1.65
o01540,JP,5,1.2,,,,0.38
o01541,JP,4,2.0,social,no,none,0.99
o01542,KR,6,2.7,,,,1.1
o01543,JP,3,3.5,,,,0.65
o01544,JP,8,2.6,,,,1.27
o01545,JP,5,3.4,social,no,light,0.79
o01546,JP,3,2.7,social,yes,none,1.53
o01547,JP,6,1.5,map,no,light,0.15
o01548,KR,8,3.1,,,,1.67
o01549,JP,4,3.4,video,no,none,2.41
o01550,JP,6,4.0,,,,1.92
o01551,JP,7,3.4,social,yes,none,1.47
o01552,TH,7,1.2,social,no,none,0.96
o01553,JP,4,2.8,,,,0.54
o01554,TH,7,1.6,map,no,light,0.18
o01555,JP,5,2.0,social,no,light,0.71
o01556,TH,8,3.4,map,no,light,0.54
o01557,JP,4,2.3,social,no,none,1.24
o01558,JP,8,3.3,map,no,none,0.72
o01559,JP,5,4.4,,,,0.84
o01560,JP,8,4.7,map,no,none,0.85
o01561,KR,3,3.2,,,,0.92
o01562,KR,8,2.6,,,,0.72
o01563,JP,6,2.6,social,no,none,1.46
o01564,KR,7,3.1,map,no,light,0.48
o01565,TH,6,4.1,social,no,none,1.8
o01566,KR,3,2.8,,,,1.08
o01567,JP,4,2.6,,,,1.41
o01568,TH,8,3.5,social,yes,light,1.92
o01569,JP,6,2.1,,,,1.19
o01570,JP,4,2.2,video,yes,none,2.94
o01571,KR,4,2.3,,,,3.7
o01572,JP,7,2.2,map,yes,none,0.84
o01573,JP,5,3.1,map,no,none,0.59
o01574,JP,7,3.5,,,,2.87
o01575,KR,7,3.1,,,,2.04
o01576,JP,5,3.1,map,no,none,0.79
o01577,JP,5,2.8,social,no,work,2.07
o01578,TH,4,3.8,map,no,work,2.04
o01579,TH,8,2.3,,,,1.25
o01580,JP,7,1.9,,,,1.76
o01581,KR,5,3.2,social,no,light,0.81
o01582,JP,6,4.9,map,yes,none,1.42
o01583,JP,5,2.8,video,no,none,1.96
o01584,JP,4,2.2,,,,2.19
o01585,JP,7,2.5,,,,0.56
o01586,TH,3,4.7,map,yes,none,1.75
o01587,JP,4,2.5,,,,1.97
o01588,JP,6,3.5,,,,2.64
o01589,KR,8,2.5,,,,0.6
o01590,JP,4,2.1,map,yes,light,0.77
o01591,TH,8,2.5,video,yes,none,3.39
o01592,TH,6,4.5,map,no,none,1.06
o01593,KR,6,3.3,social,no,none,1.11
o01594,KR,3,2.2,video,no,none,1.68
o01595,JP,3,3.9,video,yes,none,2.52
o01596,JP,6,2.3,social,yes,none,1.53
o01597,JP,6,2.0,video,no,none,2.34
o01598,KR,5,3.2,map,yes,light,1.33
o01599,KR,7,2.5,map,yes,none,0.95
o01600,TH,4,2.7,video,no,none,1.98
o01601,KR,3,3.0,,,,1.4
o01602,JP,4,5.5,map,no,none,1.38
o01603,JP,5,2.6,map,no,none,0.55
o01604,JP,4,3.3,social,no,none,1.49
o01605,JP,4,2.9,social,yes,none,1.76
o01606,JP,7,2.3,video,no,none,1.54
o01607,JP,8,2.3,map,no,light,0.15
o01608,KR,3,3.1,,,,0.5
o01609,JP,7,3.5,social,yes,none,1.94
o01610,KR,5,4.5,map,no,none,0.73
o01611,JP,6,3.0,map,no,none,0.9
o01612,TH,6,2.2,social,no,none,1.19
o01613,JP,4,2.2,video,no,none,2.38
o01614,TH,3,5.1,,,,1.71
o01615,KR,6,2.8,,,,0.64
o01616,JP,6,2.9,video,no,none,1.7
o01617,KR,6,2.9,,,,0.66
o01618,KR,8,2.4,map,no,none,0.41
o01619,KR,8,3.2,,,,1.8
o01620,JP,5,4.4,social,no,none,1.25
o01621,TH,8,2.8,,,,1.58
o01622,JP,8,1.8,social,no,none,1.03
o01623,JP,7,3.0,social,yes,none,1.92
o01624,JP,7,2.9,map,no,none,0.67
o01625,JP,4,3.1,,,,1.02
o01626,JP,3,2.0,map,no,none,0.58
o01627,JP,3,2.2,video,no,none,1.58
o01628,KR,3,1.7,social,no,none,1.21
o01629,KR,8,1.0,map,yes,none,0.69
o01630,JP,7,3.0,map,no,none,0.68
o01631,JP,7,3.5,social,no,none,1.44
o01632,JP,6,4.4,,,,1.49
o01633,JP,8,3.3,map,no,none,0.58
o01634,JP,3,1.3,map,no,none,0.6
o01635,TH,3,1.0,,,,1.84
o01636,TH,8,4.1,social,no,none,1.15
o01637,TH,4,4.9,,,,2.77
o01638,KR,6,3.2,video,yes,none,2.43
o01639,JP,8,2.6,map,yes,none,0.87
o01640,KR,6,2.5,,,,0.55
o01641,JP,4,2.3,social,no,none,1.2
o01642,JP,5,3.0,map,no,none,0.81
o01643,KR,3,2.6,,,,0.7
o01644,KR,6,3.2,social,no,light,1.0
o01645,TH,6,3.0,social,yes,none,2.09
o01646,JP,8,3.1,,,,0.91
o01647,TH,4,3.7,,,,1.58
o01648,JP,8,2.3,,,,1.31
o01649,KR,5,2.0,video,no,none,1.79
o01650,KR,7,3.0,map,no,work,1.65
o01651,JP,6,3.0,,,,1.46
o01652,JP,7,1.3,map,yes,none,1.21
o01653,KR,4,2.1,,,,1.82
o01654,KR,7,2.8,,,,0.23
o01655,JP,6,4.6,,,,1.82
o01656,JP,6,1.4,,,,0.54
o01657,KR,4,3.0,,,,2.63
o01658,KR,5,1.2,social,no,none,0.93
o01659,JP,6,4.0,,,,0.88
o01660,KR,7,2.5,social,no,none,1.16
o01661,JP,3,3.9,,,,1.91
o01662,JP,4,2.9,video,yes,none,2.48
o01663,JP,5,3.0,,,,1.18
o01664,KR,5,2.8,,,,0.31
o01665,JP,4,2.2,video,no,none,2.07
o01666,JP,7,3.3,,,,0.87
o01667,JP,6,4.1,social,no,none,1.21
o01668,JP,7,3.1,video,no,none,2.04
o01669,TH,7,3.2,social,no,none,1.51
o01670,JP,3,3.0,social,no,none,1.61
o01671,JP,4,3.0,social,yes,work,3.07
o01672,JP,6,3.6,social,no,none,1.49
o01673,JP,8,2.8,map,no,none,0.4
o01674,JP,4,3.8,map,no,none,0.62
o01675,JP,3,1.9,,,,0.19
o01676,JP,8,3.2,social,yes,none,1.83
o01677,JP,5,2.7,video,yes,light,1.9
o01678,KR,3,3.8,,,,0.88
o01679,TH,4,3.2,social,no,none,1.86
o01680,JP,6,1.3,map,yes,none,0.69
o01681,KR,6,2.6,map,no,none,0.73
o01682,JP,7,2.9,social,no,none,1.13
o01683,KR,6,2.1,,,,0.54
o01684,JP,4,1.1,social,no,none,1.02
o01685,KR,6,3.3,map,no,none,0.73
o01686,JP,8,4.6,,,,1.26
o01687,JP,3,1.7,,,,0.87
o01688,KR,7,3.2,map,no,work,1.66
o01689,JP,8,2.1,,,,0.35
o01690,TH,3,5.4,map,no,none,0.99
o01691,JP,7,2.6,social,yes,none,1.81
o01692,JP,6,2.9,,,,1.48
o01693,JP,6,1.9,social,yes,none,1.36
o01694,JP,6,3.4,,,,1.17
o01695,JP,5,3.0,map,no,light,0.34
o01696,KR,4,2.6,map,yes,none,1.78
o01697,TH,8,1.7,,,,0.61
o01698,JP,6,4.4,,,,2.17
o01699,KR,5,3.4,,,,2.99
o01700,JP,7,2.5,,,,0.54
o01701,JP,6,1.0,,,,0.46
o01702,JP,6,2.4,,,,0.64
o01703,JP,5,2.9,social,yes,none,1.69
o01704,JP,8,1.9,map,no,light,0.15
o01705,JP,8,3.4,,,,2.81
o01706,JP,8,3.8,,,,1.63
o01707,TH,7,2.4,video,no,none,1.97
o01708,KR,5,2.9,map,no,none,0.7
o01709,KR,7,5.6,,,,2.39
o01710,TH,4,1.8,,,,1.14
o01711,TH,7,2.7,video,no,work,2.77
o01712,JP,3,2.3,,,,0.6
o01713,JP,8,3.8,social,no,none,1.08
o01714,JP,5,2.2,social,no,none,1.07
o01715,KR,4,2.8,social,no,none,1.36
o01716,JP,5,2.0,social,no,none,1.05
o01717,TH,3,2.1,map,no,work,1.68
o01718,KR,8,5.0,map,no,none,0.91
o01719,KR,6,3.3,map,no,none,0.73
o01720,JP,3,2.0,map,no,light,0.22
o01721,JP,3,1.6,,,,0.42
o01722,TH,4,1.8,social,no,none,1.22
o01723,JP,5,3.9,social,no,work,2.48
o01724,KR,8,3.1,,,,1.11
o01725,JP,8,2.7,,,,0.6
o01726,JP,3,4.5,,,,2.17
o01727,JP,5,2.5,video,no,none,1.44
o01728,JP,4,2.3,video,no,none,2.48
o01729,JP,3,2.7,,,,2.49
o01730,JP,4,2.8,social,no,light,1.15
o01731,JP,6,3.0,social,no,none,1.21
o01732,JP,7,5.0,map,no,none,0.85
o01733,TH,6,2.5,map,no,none,0.83
o01734,JP,3,5.2,video,no,none,3.17
o01735,JP,3,2.5,,,,2.19
o01736,JP,8,1.7,map,no,light,0.15
o01737,JP,5,2.3,map,yes,none,1.32
o01738,JP,3,2.5,social,yes,none,1.91
o01739,TH,8,2.0,social,no,none,0.94
o01740,KR,3,2.8,,,,0.87
o01741,KR,5,2.4,,,,2.03
o01742,TH,3,3.2,map,no,work,1.99
o01743,TH,3,4.0,,,,0.77
o01744,JP,5,2.6,map,no,none,0.48
o01745,JP,7,4.8,,,,0.84
o01746,JP,8,4.4,,,,1.55
o01747,JP,5,3.2,,,,1.28
o01748,TH,7,2.4,,,,0.48
o01749,JP,4,2.5,map,no,none,0.64
o01750,JP,6,2.7,,,,2.61
o01751,KR,8,3.7,video,no,none,2.06
o01752,KR,5,1.0,,,,0.9
o01753,KR,6,2.1,,,,0.77
o01754,JP,5,1.8,,,,0.74
o01755,JP,7,3.5,video,yes,light,2.2
o01756,JP,6,1.0,,,,1.64
o01757,TH,5,2.3,map,yes,none,1.64
o01758,KR,7,2.4,,,,1.24
o01759,KR,5,3.5,,,,1.68
o01760,JP,5,1.6,video,no,light,1.26
o01761,TH,8,2.9,,,,1.29
o01762,JP,5,3.2,social,no,light,1.21
o01763,KR,4,3.6,video,yes,none,2.76
o01764,KR,5,3.8,map,no,none,0.97
o01765,JP,3,2.2,map,no,light,0.25
o01766,TH,5,2.3,,,,1.48
o01767,JP,4,2.9,,,,0.55
o01768,JP,3,3.8,map,no,work,1.91
o01769,KR,3,2.3,video,no,none,2.64
o01770,JP,4,2.3,map,yes,none,1.34
o01771,JP,3,2.0,,,,0.57
o01772,JP,7,2.2,video,no,none,1.61
o01773,TH,3,2.9,social,yes,none,2.19
o01774,JP,8,4.3,,,,1.85
o01775,JP,8,3.3,,,,0.45
o01776,JP,3,2.3,,,,0.65
o01777,JP,5,3.3,,,,0.56
o01778,TH,8,1.1,social,no,work,2.77
o01779,JP,5,1.4,video,no,none,2.31
o01780,JP,8,3.9,,,,2.29
o01781,JP,5,2.7,,,,1.71
o01782,TH,8,3.0,map,no,none,0.91
o01783,JP,3,3.4,,,,1.05
o01784,JP,5,2.7,,,,2.7
o01785,JP,6,2.8,social,yes,none,2.06
o01786,JP,5,3.1,,,,1.98
o01787,JP,6,2.3,,,,1.47
o01788,KR,6,2.3,,,,1.29
o01789,KR,7,2.3,map,no,none,0.57
o01790,JP,5,2.7,video,no,none,1.99
o01791,JP,7,1.9,map,yes,none,0.85
o01792,KR,3,2.7,map,yes,none,1.94
o01793,JP,6,3.6,map,yes,light,1.26
o01794,KR,3,2.9,,,,2.78
o01795,JP,8,2.4,,,,1.8
o01796,KR,3,3.5,video,yes,none,2.19
o01797,KR,3,2.7,map,no,none,0.69
o01798,JP,3,2.9,video,no,none,1.84
o01799,JP,3,2.1,,,,0.24
o01800,JP,8,3.1,social,no,none,1.29
o01801,JP,6,3.2,social,no,none,1.18
o01802,JP,5,2.5,,,,1.06
o01803,JP,7,3.4,map,no,none,0.76
o01804,JP,4,1.9,,,,3.51
o01805,KR,6,1.2,social,no,light,0.6
o01806,KR,6,3.2,,,,1.84
o01807,KR,4,1.9,,,,0.26
o01808,KR,3,2.7,,,,0.74
o01809,JP,5,2.4,,,,1.39
o01810,TH,4,1.2,map,no,none,0.53
o01811,KR,5,3.3,social,no,none,1.72
o01812,TH,6,3.9,social,no,none,1.19
o01813,JP,4,1.9,,,,0.81
o01814,JP,7,3.1,,,,0.81
o01815,JP,4,3.8,map,no,none,0.91
o01816,JP,6,3.2,map,no,none,0.79
o01817,JP,3,4.4,,,,1.66
o01818,KR,8,2.0,map,no,none,0.42
o01819,KR,4,1.4,social,no,none,1.08
o01820,JP,5,3.0,video,no,none,1.46
o01821,KR,5,2.3,social,no,none,1.13
o01822,TH,7,3.8,,,,1.42
o01823,JP,5,1.0,video,no,none,1.87
o01824,JP,8,3.3,,,,1.2
o01825,JP,4,3.8,,,,0.79
o01826,JP,6,2.9,,,,0.94
o01827,KR,8,4.3,social,yes,none,2.03
o01828,TH,7,2.8,,,,0.72
o01829,KR,4,2.2,,,,1.66
o01830,JP,5,2.0,video,yes,none,3.1
o01831,JP,4,3.3,social,no,none,1.24
o01832,TH,7,3.7,map,no,none,0.92
o01833,JP,4,4.5,map,no,work,2.16
o01834,KR,7,3.0,social,yes,none,2.04
o01835,KR,5,4.4,social,yes,light,2.4
o01836,JP,6,4.5,map,no,light,0.58
o01837,TH,4,2.5,,,,2.03
o01838,KR,5,3.1,video,no,none,2.27
o01839,JP,7,2.6,map,no,work,2.25
o01840,JP,5,2.6,social,no,light,0.8
o01841,JP,5,3.3,video,no,none,2.2
o01842,JP,5,3.2,social,no,none,1.17
o01843,JP,5,3.3,map,no,none,0.88
o01844,JP,4,1.7,,,,2.3
o01845,TH,8,3.0,social,no,light,0.95
o01846,JP,6,4.1,social,no,none,1.52
o01847,KR,4,2.8,video,no,none,2.22
o01848,JP,6,2.6,map,no,work,1.42
o01849,JP,7,2.5,social,no,work,2.45
o01850,JP,4,3.0,map,no,none,0.67
o01851,KR,5,4.7,map,no,none,0.88
o01852,JP,4,2.6,map,no,none,0.75
o01853,TH,3,4.2,,,,0.9
o01854,JP,3,2.9,,,,2.63
o01855,JP,8,3.4,social,yes,none,1.5
o01856,KR,8,3.3,video,no,light,1.54
o01857,TH,4,4.1,,,,2.55
o01858,JP,5,3.9,social,yes,none,1.95
o01859,JP,5,2.9,social,no,work,2.2
o01860,JP,8,1.8,,,,1.42
o01861,JP,5,4.0,social,no,work,2.52
o01862,TH,7,3.4,,,,0.45
o01863,JP,5,2.8,,,,1.24
o01864,KR,6,1.6,social,no,work,2.18
o01865,KR,5,4.0,,,,1.54
o01866,JP,7,4.1,social,yes,none,1.94
o01867,JP,5,2.9,map,no,none,0.31
o01868,JP,6,3.5,,,,0.9
o01869,TH,5,3.4,,,,3.94
o01870,KR,8,2.4,social,yes,none,1.55
o01871,JP,8,2.3,map,no,none,0.42
o01872,KR,5,2.1,social,no,none,1.37
o01873,KR,8,3.9,,,,0.93
o01874,KR,5,3.6,,,,1.38
o01875,TH,6,2.7,,,,1.83
o01876,JP,7,2.2,video,no,light,1.97
o01877,KR,7,4.0,map,no,none,0.82
o01878,KR,4,2.9,social,no,none,1.01
o01879,KR,8,4.4,,,,1.55
o01880,TH,6,2.5,map,no,work,1.42
o01881,KR,3,2.8,video,no,none,1.71
o01882,JP,6,3.5,video,no,light,2.04
o01883,TH,6,3.7,,,,0.84
o01884,JP,4,3.1,,,,1.44
o01885,TH,4,3.5,map,no,none,1.15
o01886,JP,7,3.8,social,yes,none,1.68
o01887,JP,8,2.9,,,,1.44
o01888,JP,4,1.8,,,,1.54
o01889,TH,6,3.9,map,no,none,0.85
o01890,KR,5,2.5,social,no,work,2.92
o01891,JP,4,3.3,video,no,light,1.93
o01892,KR,6,2.9,map,no,none,0.9
o01893,JP,4,3.3,social,yes,none,1.52
o01894,JP,5,3.1,map,no,none,0.71
o01895,KR,6,3.0,map,no,none,0.69
o01896,JP,8,3.6,,,,0.58
o01897,KR,5,2.1,social,no,none,1.29
o01898,JP,8,2.9,,,,0.82
o01899,KR,5,1.9,map,yes,none,1.08
o01900,JP,8,2.1,,,,0.44
o01901,JP,5,2.8,video,no,none,2.01
o01902,JP,3,3.4,,,,0.64
o01903,JP,8,3.9,social,no,work,2.29
o01904,TH,6,2.9,map,no,none,0.91
o01905,JP,8,3.7,video,no,none,2.27
o01906,JP,8,2.8,social,no,none,1.22
o01907,JP,3,3.3,,,,2.29
o01908,JP,5,3.0,map,no,none,0.73
o01909,JP,7,3.0,,,,0.58
o01910,KR,8,1.5,video,no,none,1.64
o01911,JP,3,2.7,,,,1.99
o01912,JP,4,2.1,social,no,light,0.74
o01913,JP,7,4.1,,,,0.69
o01914,JP,4,1.4,social,no,none,0.84
o01915,TH,6,3.2,,,,1.55
o01916,JP,4,3.5,social,no,none,1.45
o01917,JP,5,2.5,,,,0.6
o01918,JP,3,2.4,social,no,none,1.09
o01919,KR,5,4.4,map,no,none,1.09
o01920,JP,7,3.3,social,no,light,0.82
o01921,TH,3,1.0,social,no,none,1.03
o01922,TH,4,2.8,social,yes,none,1.96
o01923,TH,6,3.3,,,,1.37
o01924,KR,8,3.4,map,no,light,0.36
o01925,TH,4,3.8,,,,1.67
o01926,TH,3,3.7,video,no,work,3.21
o01927,KR,6,3.0,,,,0.76
o01928,JP,7,2.4,,,,0.55
o01929,KR,4,2.8,map,no,light,0.31
o01930,KR,3,2.7,,,,0.3
o01931,JP,6,4.3,,,,2.53
o01932,JP,8,2.2,social,no,work,2.24
o01933,JP,7,3.1,social,no,light,0.81
o01934,JP,3,2.1,map,no,none,0.78
o01935,JP,6,2.0,video,no,none,1.71
o01936,TH,7,4.1,,,,1.76
o01937,KR,3,3.5,map,no,none,0.68
o01938,TH,3,3.1,,,,2.07
o01939,KR,4,1.9,,,,0.58
o01940,TH,8,1.8,,,,1.01
o01941,KR,6,2.9,social,no,none,1.49
o01942,JP,3,4.4,map,no,none,0.88
o01943,KR,3,2.8,,,,0.98
o01944,JP,3,3.6,social,no,light,1.22
o01945,KR,5,3.0,social,no,work,3.01
o01946,JP,5,1.2,,,,0.64
o01947,KR,8,2.6,social,no,none,1.57
o01948,JP,7,2.7,,,,1.59
o01949,JP,8,3.4,,,,2.21
o01950,KR,7,2.6,,,,1.8
o01951,KR,3,4.9,map,no,none,1.61
o01952,JP,5,1.3,map,no,none,0.41
o01953,JP,7,4.0,social,no,none,1.25
o01954,TH,7,3.5,,,,0.93
o01955,JP,7,2.9,,,,1.91
o01956,JP,8,2.9,,,,2.19
o01957,JP,5,3.1,,,,1.52
o01958,KR,5,2.1,map,no,none,0.47
o01959,JP,4,3.3,video,no,none,1.84
o01960,KR,6,4.0,map,no,none,0.73
o01961,KR,8,4.2,social,no,none,2.01
o01962,JP,4,2.4,,,,0.8
o01963,JP,3,1.8,,,,0.84
o01964,JP,6,2.7,social,no,work,2.39
o01965,TH,5,3.3,,,,1.4
o01966,JP,4,2.5,map,yes,none,1.01
o01967,JP,4,2.5,map,no,none,0.63
o01968,KR,8,2.6,,,,1.69
o01969,JP,7,1.5,,,,0.89
o01970,JP,7,2.3,map,no,light,0.15
o01971,JP,3,1.9,,,,1.88
o01972,KR,6,4.0,social,no,none,1.71
o01973,JP,3,5.1,map,yes,work,2.97
o01974,JP,3,3.5,,,,1.5
o01975,JP,3,3.2,,,,2.05
o01976,JP,3,3.1,map,yes,work,1.73
o01977,JP,6,1.4,social,no,none,1.09
o01978,JP,7,4.3,,,,0.94
o01979,TH,7,2.5,social,yes,work,3.26
o01980,TH,3,2.2,social,no,none,1.91
o01981,JP,6,3.1,,,,1.64
o01982,JP,7,3.0,map,yes,none,1.35
o01983,JP,4,3.9,social,no,work,2.89
o01984,KR,6,2.6,map,no,none,0.53
o01985,KR,5,2.7,social,no,none,1.55
o01986,TH,3,1.6,,,,2.26
o01987,KR,5,2.1,,,,0.83
o01988,KR,6,2.1,,,,0.66
o01989,JP,5,2.3,social,no,light,0.77
o01990,JP,7,4.3,video,no,none,1.83
o01991,JP,5,1.4,,,,0.55
o01992,JP,8,2.9,video,yes,none,2.34
o01993,KR,8,4.0,,,,1.11
o01994,KR,8,4.3,video,no,none,3.15
o01995,KR,8,4.1,video,yes,none,2.24
o01996,JP,6,2.8,,,,1.68
o01997,TH,6,2.5,social,no,none,0.97
o01998,KR,7,1.0,social,no,work,2.31
o01999,JP,3,2.8,,,,0.66
o02000,KR,6,5.2,social,no,work,3.92
o02001,JP,6,1.1,,,,0.26
o02002,JP,8,2.1,map,no,light,0.15
o02003,JP,8,2.2,,,,0.53
o02004,KR,6,2.6,video,yes,none,3.14
o02005,JP,5,3.4,,,,1.07
o02006,KR,5,4.0,,,,2.59
o02007,TH,5,2.4,map,no,none,1.12
o02008,JP,6,2.8,,,,0.57
o02009,JP,6,2.4,map,no,none,0.43
o02010,JP,4,3.4,social,no,work,2.67
o02011,JP,7,3.5,social,yes,none,2.1
o02012,KR,5,4.0,,,,0.84
o02013,JP,8,2.5,,,,1.17
o02014,JP,5,1.9,map,no,work,1.89
o02015,KR,6,2.2,map,no,work,1.19
o02016,KR,4,2.4,,,,0.68
o02017,KR,4,3.6,social,no,none,1.75
o02018,JP,5,2.8,video,no,none,1.82
o02019,KR,7,4.6,,,,1.76
o02020,TH,5,2.4,video,no,none,1.82
o02021,JP,8,3.7,,,,0.59
o02022,JP,4,5.3,,,,1.24
o02023,JP,8,2.1,map,no,none,0.34
o02024,TH,4,2.6,video,no,work,3.81
o02025,KR,4,3.9,map,no,none,0.83
o02026,KR,8,4.5,,,,2.1
o02027,JP,3,2.7,,,,3.11
o02028,KR,6,2.3,,,,1.03
o02029,KR,5,2.1,,,,0.99
o02030,KR,4,2.5,,,,0.65
o02031,JP,6,2.9,,,,1.8
o02032,JP,4,2.2,video,no,none,1.69
o02033,JP,6,2.8,,,,1.55
o02034,JP,7,3.3,,,,1.84
o02035,KR,6,2.4,video,no,none,1.98
o02036,TH,7,3.7,map,no,light,0.43
o02037,JP,7,3.8,,,,0.75
o02038,TH,3,1.7,,,,2.57
o02039,JP,7,3.1,video,no,none,2.07
o02040,JP,7,2.8,map,no,none,0.45
o02041,TH,8,1.2,map,no,none,0.6
o02042,KR,5,4.3,,,,1.46
o02043,KR,7,4.0,social,yes,none,1.98
o02044,KR,3,3.2,,,,1.22
o02045,JP,3,2.2,social,no,none,1.36
o02046,KR,5,2.6,,,,0.82
o02047,JP,4,3.2,video,yes,none,2.05
o02048,JP,6,3.8,social,no,work,2.6
o02049,JP,5,3.1,map,yes,none,1.01
o02050,KR,6,2.8,,,,3.25
o02051,JP,8,2.3,,,,1.87
o02052,KR,5,3.3,,,,1.75
o02053,KR,5,1.7,map,no,none,0.7
o02054,JP,3,2.6,,,,1.5
o02055,JP,8,4.2,video,no,none,2.07
o02056,JP,5,3.0,map,no,none,0.64
o02057,KR,4,3.7,social,no,none,1.65
o02058,JP,8,3.2,map,no,none,0.7
o02059,JP,8,3.0,map,no,work,1.13
o02060,JP,8,2.1,social,no,none,1.0
o02061,JP,7,1.0,map,yes,light,0.68
o02062,KR,5,4.2,,,,1.83
o02063,JP,8,4.4,map,no,none,0.82
o02064,JP,3,4.2,map,yes,none,1.33
o02065,KR,6,1.8,,,,1.9
o02066,JP,4,2.8,map,yes,none,0.92
o02067,JP,5,1.7,,,,1.72
o02068,JP,8,2.2,map,no,none,0.45
o02069,KR,4,2.0,map,yes,none,1.17
o02070,JP,6,3.5,,,,1.16
o02071,KR,7,3.2,map,no,work,1.78
o02072,JP,3,2.8,map,no,none,0.67
o02073,JP,5,3.0,social,no,none,1.0
o02074,TH,7,3.6,social,yes,work,3.42
o02075,TH,4,2.5,video,no,none,2.06
o02076,TH,4,4.1,,,,3.15
o02077,JP,4,2.1,map,no,none,0.52
o02078,JP,3,3.0,map,no,none,0.69
o02079,JP,7,3.3,map,no,light,0.27
o02080,JP,5,1.1,video,no,none,2.19
o02081,JP,6,4.0,video,no,none,2.69
o02082,JP,6,4.7,map,yes,work,1.59
o02083,TH,7,2.7,,,,2.09
o02084,KR,3,5.3,map,no,none,1.04
o02085,KR,8,4.5,video,yes,none,3.4
o02086,KR,8,2.3,,,,0.51
o02087,JP,6,3.7,,,,1.28
o02088,JP,4,2.6,,,,0.59
o02089,JP,7,2.9,,,,2.52
o02090,KR,7,3.9,,,,2.24
o02091,JP,3,2.7,social,yes,none,1.91
o02092,JP,7,2.3,,,,0.65
o02093,KR,5,2.3,social,yes,light,1.93
o02094,JP,6,4.8,,,,2.05
o02095,KR,8,4.4,map,no,none,0.92
o02096,JP,7,3.6,,,,1.48
o02097,KR,3,1.7,,,,1.64
o02098,TH,8,3.2,social,yes,light,2.06
o02099,JP,6,2.5,,,,1.02
o02100,JP,3,1.9,map,no,work,1.47
o02101,TH,8,3.2,map,no,light,0.32
o02102,JP,8,3.1,map,no,none,0.55
o02103,JP,8,1.2,map,no,light,0.15
o02104,TH,8,3.5,map,no,none,0.93
o02105,KR,6,3.4,map,no,none,0.96
o02106,JP,6,2.7,video,yes,none,2.0
o02107,JP,7,2.2,video,no,work,2.87
o02108,JP,4,3.9,video,no,none,2.13
o02109,JP,5,4.2,map,yes,light,1.06
o02110,JP,4,2.3,,,,1.92
o02111,KR,6,4.1,map,no,none,0.87
o02112,JP,8,3.3,,,,0.47
o02113,JP,7,2.9,,,,1.85
o02114,JP,6,3.5,,,,1.94
o02115,KR,4,4.7,social,no,none,1.87
o02116,JP,4,2.4,map,no,none,0.71
o02117,KR,3,1.7,,,,2.21
o02118,KR,4,2.9,map,no,none,0.88
o02119,JP,3,2.4,map,no,none,0.77
o02120,JP,4,2.4,social,no,none,1.15
o02121,KR,7,4.2,social,no,none,1.64
o02122,JP,3,3.2,,,,0.95
o02123,KR,6,4.7,social,no,light,1.12
o02124,KR,3,2.5,video,yes,none,2.68
o02125,JP,5,3.7,,,,1.25
o02126,JP,4,3.1,social,no,light,0.9
o02127,JP,7,3.6,social,no,light,1.02
o02128,KR,8,3.0,map,no,none,0.54
o02129,JP,5,3.8,map,yes,none,1.29
o02130,JP,3,2.1,,,,0.7
o02131,KR,7,2.4,,,,1.89
o02132,KR,3,3.0,,,,2.48
o02133,JP,4,3.4,,,,0.65
o02134,JP,5,3.0,map,no,light,0.31
o02135,JP,6,3.5,video,yes,none,2.17
o02136,TH,4,3.1,video,yes,none,2.45
o02137,TH,7,2.6,,,,0.65
o02138,JP,6,4.4,video,yes,none,3.11
o02139,JP,5,2.4,,,,2.11
o02140,JP,6,3.5,map,no,none,0.78
o02141,JP,3,2.9,video,no,none,1.62
o02142,JP,6,2.2,social,no,none,0.97
o02143,JP,3,3.5,map,no,none,0.84
o02144,JP,3,3.5,,,,1.49
o02145,JP,8,2.2,video,yes,none,2.18
o02146,KR,6,2.1,,,,1.0
o02147,JP,5,3.4,,,,1.11
o02148,KR,5,1.4,social,yes,none,2.14
o02149,KR,3,2.5,social,no,none,1.3
o02150,KR,6,3.6,,,,2.41
o02151,TH,5,4.3,map,no,none,0.82
o02152,JP,8,3.6,,,,2.11
o02153,JP,8,3.6,map,no,none,0.52
o02154,JP,3,3.3,,,,2.7
o02155,TH,4,1.9,,,,0.63
o02156,KR,3,1.1,,,,2.33
o02157,JP,8,2.1,,,,1.37
o02158,JP,7,2.1,,,,1.05
o02159,JP,7,3.2,social,no,none,1.19
o02160,JP,8,4.0,social,no,none,1.3
o02161,JP,5,1.0,video,no,none,1.7
o02162,TH,5,1.0,social,no,none,0.97
o02163,KR,3,1.7,social,yes,none,1.6
o02164,JP,3,2.9,,,,2.75
o02165,JP,3,2.8,,,,2.28
o02166,JP,5,2.7,,,,0.27
o02167,JP,6,2.6,,,,1.99
o02168,JP,8,4.6,,,,0.71
o02169,JP,8,3.0,map,no,none,0.52
o02170,KR,5,3.6,map,no,none,0.68
o02171,JP,6,4.6,,,,1.05
o02172,KR,6,3.6,,,,2.38
o02173,JP,5,1.3,social,no,light,0.59
o02174,JP,3,2.6,,,,1.93
o02175,KR,5,2.6,video,no,none,1.59
o02176,JP,7,5.1,,,,1.81
o02177,JP,3,4.8,map,no,none,1.14
o02178,JP,3,3.5,video,no,none,1.98
o02179,JP,7,3.8,,,,0.94
o02180,JP,4,1.1,map,no,none,0.29
o02181,TH,7,3.1,,,,0.42
o02182,JP,7,4.0,video,no,none,2.14
o02183,JP,7,1.8,social,no,work,2.53
o02184,JP,7,3.6,social,yes,light,1.82
o02185,TH,7,3.0,map,no,none,1.0
o02186,JP,5,4.0,,,,1.85
o02187,JP,4,5.0,map,no,none,1.11
o02188,JP,8,2.9,map,no,none,0.39
o02189,JP,4,1.0,,,,1.21
o02190,JP,4,2.6,,,,1.08
o02191,KR,6,3.5,,,,1.35
o02192,JP,7,1.3,video,no,none,1.43
o02193,JP,8,4.1,map,no,work,1.29
o02194,JP,7,3.4,,,,1.83
o02195,JP,4,1.9,,,,1.67
o02196,KR,6,3.3,,,,0.68
o02197,JP,7,2.9,social,no,none,1.3
o02198,JP,4,5.2,,,,0.94
o02199,JP,7,3.1,map,no,none,0.66
o02200,JP,7,3.0,,,,0.68
o02201,JP,4,1.7,,,,0.44
o02202,KR,5,2.9,social,no,none,1.05
o02203,KR,6,3.1,,,,2.17
o02204,JP,3,2.8,map,no,none,0.81
o02205,JP,3,3.3,map,no,none,0.68
o02206,JP,6,3.9,video,no,none,2.23
o02207,JP,7,4.4,social,no,none,1.38
o02208,JP,7,4.1,social,no,none,0.99
o02209,JP,8,3.3,video,no,none,1.26
o02210,TH,3,3.1,,,,1.93
o02211,KR,7,3.4,social,no,none,1.32
o02212,JP,7,3.5,,,,0.6
o02213,KR,7,3.7,,,,1.31
o02214,JP,5,4.2,social,no,none,1.18
o02215,JP,5,4.6,,,,0.88
o02216,JP,3,3.1,,,,0.61
o02217,TH,6,3.9,,,,1.68
o02218,TH,8,4.4,video,no,none,2.25
o02219,KR,7,2.4,social,yes,light,1.51
o02220,JP,6,4.0,social,no,none,1.37
o02221,JP,6,4.9,video,no,none,2.6
o02222,TH,3,3.2,map,yes,light,1.06
o02223,JP,3,3.9,,,,2.38
o02224,KR,3,2.9,,,,0.59
o02225,KR,8,1.0,social,no,none,1.1
o02226,JP,6,4.0,,,,0.88
o02227,KR,6,3.1,,,,2.04
o02228,TH,3,5.0,,,,1.8
o02229,TH,8,2.7,,,,0.65
o02230,JP,6,3.3,,,,1.15
o02231,KR,7,1.9,social,no,none,0.97
o02232,JP,3,2.5,,,,1.22
o02233,JP,5,2.6,social,no,none,1.18
o02234,JP,3,2.8,,,,1.71
o02235,JP,4,4.4,social,no,none,1.29
o02236,TH,7,4.2,,,,2.26
o02237,JP,7,4.6,map,yes,none,1.44
o02238,JP,6,3.1,,,,0.74
o02239,JP,7,4.9,social,no,light,1.0
o02240,JP,6,3.2,video,no,none,2.48
o02241,JP,3,1.9,social,no,none,1.08
o02242,JP,3,3.2,map,yes,none,1.21
o02243,KR,4,5.0,,,,2.44
o02244,TH,7,1.2,social,no,none,1.06
o02245,TH,3,1.8,video,no,none,1.63
o02246,KR,6,3.0,map,yes,light,0.82
o02247,KR,8,3.0,,,,1.37
o02248,TH,7,2.1,,,,2.13
o02249,JP,7,2.8,social,no,light,0.73
o02250,JP,8,2.4,video,yes,none,2.04
o02251,JP,3,2.3,,,,1.06
o02252,KR,3,3.4,map,no,work,1.51
o02253,JP,7,3.0,map,no,none,0.49
o02254,JP,3,2.5,map,yes,light,1.07
o02255,JP,6,2.8,,,,0.83
o02256,JP,5,4.4,video,no,none,2.98
o02257,JP,7,2.3,,,,1.72
o02258,JP,7,1.9,social,yes,none,1.54
o02259,JP,7,2.5,map,yes,none,1.19
o02260,JP,6,4.1,video,no,none,2.64
o02261,JP,5,4.0,,,,1.48
o02262,JP,5,1.9,map,yes,none,1.01
o02263,JP,4,3.3,video,yes,work,2.07
o02264,TH,4,3.0,,,,1.61
o02265,TH,8,3.3,map,no,none,1.06
o02266,TH,6,2.4,social,no,light,0.75
o02267,TH,8,3.0,,,,0.92
o02268,KR,8,3.4,,,,1.08
o02269,JP,4,4.4,video,no,light,2.51
o02270,JP,6,2.3,map,no,none,0.55
o02271,KR,3,4.0,social,yes,light,2.16
o02272,JP,7,3.9,video,no,none,2.9
o02273,JP,7,3.0,map,no,none,0.72
o02274,TH,3,2.6,social,no,none,1.18
o02275,JP,6,5.1,,,,2.95
o02276,JP,7,2.2,social,no,light,0.76
o02277,JP,5,1.6,map,no,none,0.51
o02278,JP,4,3.1,social,no,none,1.17
o02279,JP,3,1.1,map,no,light,0.15
o02280,JP,4,1.8,video,yes,light,1.63
o02281,KR,4,3.1,video,yes,none,3.54
o02282,JP,4,2.8,,,,0.81
o02283,JP,5,3.7,video,no,none,2.12
o02284,KR,7,4.0,,,,1.41
o02285,KR,6,4.4,,,,1.69
o02286,JP,3,3.1,video,no,none,2.53
o02287,JP,7,4.2,,,,0.56
o02288,JP,5,3.6,map,no,work,1.67
o02289,JP,7,3.1,,,,0.31
o02290,JP,3,2.3,video,yes,light,2.67
o02291,KR,3,1.2,,,,1.21
o02292,TH,3,3.4,map,yes,none,1.63
o02293,JP,5,3.1,video,no,light,1.54
o02294,KR,7,3.9,,,,2.15
o02295,JP,4,4.9,,,,0.45
o02296,JP,4,3.0,,,,1.14
o02297,KR,8,3.3,,,,2.1
o02298,JP,4,4.8,social,yes,none,2.37
o02299,JP,5,3.0,map,no,none,0.65
o02300,TH,8,3.4,,,,0.93
o02301,JP,6,3.4,,,,0.58
o02302,JP,4,1.8,social,no,none,1.2
o02303,KR,5,2.3,,,,1.47
o02304,JP,3,3.5,social,no,none,1.94
o02305,JP,7,2.3,,,,2.94
o02306,KR,5,4.6,,,,1.37
o02307,TH,7,2.4,social,no,none,1.55
o02308,JP,3,2.8,,,,0.68
o02309,JP,3,3.1,,,,2.83
o02310,JP,7,3.9,map,no,work,1.1
o02311,JP,4,3.0,map,yes,none,1.51
o02312,JP,5,3.6,social,no,none,1.29
o02313,JP,5,2.9,,,,1.95
o02314,KR,5,2.7,,,,0.68
o02315,KR,4,3.5,video,no,none,3.52
o02316,KR,7,1.0,,,,1.32
o02317,KR,7,2.0,map,no,none,0.48
o02318,KR,8,2.5,map,no,none,0.49
o02319,JP,7,4.0,,,,1.62
o02320,KR,4,1.7,social,yes,work,2.42
o02321,JP,6,4.6,map,no,none,0.79
o02322,KR,6,4.0,,,,0.47
o02323,KR,5,2.9,map,yes,none,1.29
o02324,JP,6,2.8,video,yes,none,2.33
o02325,JP,6,2.4,,,,1.09
o02326,JP,7,3.5,map,no,light,0.31
o02327,JP,5,2.6,,,,2.92
o02328,JP,7,3.6,social,yes,none,1.73
o02329,JP,3,3.8,map,no,none,1.01
o02330,JP,3,2.4,,,,2.48
o02331,KR,5,3.7,,,,0.61
o02332,TH,3,2.2,,,,1.52
o02333,JP,3,3.5,map,no,none,0.73
o02334,JP,5,3.6,,,,1.41
o02335,JP,6,2.6,video,no,light,2.17
o02336,TH,3,2.6,social,no,none,1.55
o02337,KR,8,3.8,map,no,light,0.62
o02338,JP,3,2.8,map,no,none,0.58
o02339,JP,8,2.7,map,no,none,0.35
o02340,JP,3,4.0,,,,1.13
o02341,JP,4,4.2,social,no,none,1.31
o02342,JP,8,5.4,map,no,none,0.88
o02343,TH,4,2.8,,,,0.94
o02344,JP,5,3.4,map,yes,light,1.14
o02345,TH,7,4.3,social,no,none,1.52
o02346,JP,6,2.1,map,no,none,0.54
o02347,TH,3,2.3,video,no,none,1.84
o02348,JP,8,4.5,,,,2.12
o02349,KR,4,1.0,,,,1.78
o02350,KR,5,3.5,video,yes,none,3.45
o02351,JP,3,3.9,map,no,none,0.82
o02352,KR,6,3.3,social,no,light,1.01
o02353,KR,6,4.2,video,yes,none,2.92
o02354,TH,6,2.9,map,no,none,0.76
o02355,TH,5,3.7,social,yes,work,3.21
o02356,JP,4,2.5,map,no,none,0.51
o02357,JP,3,2.8,,,,0.79
o02358,JP,6,2.5,social,no,none,1.31
o02359,JP,3,3.3,,,,0.83
o02360,KR,7,3.0,social,no,work,2.66
o02361,JP,8,3.4,map,no,none,0.59
o02362,JP,5,1.0,,,,0.27
o02363,JP,8,2.9,social,no,none,1.45
o02364,KR,4,2.7,social,no,none,1.15
o02365,JP,3,1.8,,,,1.46
o02366,KR,3,4.2,social,yes,none,2.22
o02367,JP,4,3.2,video,no,none,2.61
o02368,KR,3,2.7,,,,0.66
o02369,TH,8,2.6,,,,1.14
o02370,JP,4,2.6,social,no,none,1.22
o02371,TH,5,2.2,map,no,light,0.34
o02372,JP,7,2.2,social,yes,none,1.73
o02373,TH,5,3.0,social,no,light,1.22
o02374,JP,4,1.1,map,yes,light,0.76
o02375,TH,5,3.6,map,no,none,0.96
o02376,JP,3,4.3,,,,0.84
o02377,KR,3,3.4,map,yes,none,1.33
o02378,JP,3,1.3,video,no,work,2.35
o02379,TH,6,4.1,social,no,work,3.53
o02380,TH,5,2.5,,,,0.45
o02381,JP,5,2.2,social,no,light,0.7
o02382,KR,7,4.3,video,no,light,1.95
o02383,JP,8,2.7,,,,0.16
o02384,KR,3,3.1,,,,0.62
o02385,JP,4,2.1,video,no,light,1.64
o02386,JP,4,4.2,,,,1.36
o02387,JP,3,2.3,map,no,none,0.57
o02388,JP,8,4.8,video,no,none,2.81
o02389,JP,7,4.0,map,no,none,0.73
o02390,KR,5,2.8,map,no,none,0.73
o02391,JP,8,3.6,,,,1.49
o02392,TH,6,1.4,map,yes,none,1.28
o02393,KR,3,2.9,,,,2.66
o02394,JP,8,3.2,social,no,none,1.2
o02395,KR,8,2.4,social,yes,light,1.47
o02396,TH,6,3.5,,,,1.22
o02397,KR,7,2.9,,,,0.66
o02398,JP,3,3.2,,,,0.74
o02399,KR,7,4.3,map,no,work,2.48
o02400,KR,8,4.3,map,no,none,1.18
o02401,KR,5,1.4,,,,1.73
o02402,JP,7,3.4,social,yes,none,2.17
o02403,JP,8,3.3,video,no,none,1.95
o02404,TH,4,2.4,map,no,work,2.58
o02405,KR,3,3.2,map,no,none,0.72
o02406,KR,5,3.7,,,,1.13
o02407,JP,8,4.5,social,no,work,2.21
o02408,TH,7,3.1,map,yes,none,1.69
o02409,JP,8,3.3,,,,1.13
o02410,JP,3,3.6,,,,2.85
o02411,JP,6,2.6,,,,0.66
o02412,JP,8,2.9,,,,0.21
o02413,JP,3,2.8,,,,1.01
o02414,JP,8,2.4,,,,0.51
o02415,JP,7,2.9,social,yes,none,1.9
o02416,KR,6,3.3,,,,1.59
o02417,JP,7,1.2,map,no,none,0.27
o02418,JP,7,3.7,social,yes,light,1.38
o02419,JP,4,4.0,social,no,work,3.14
o02420,JP,6,3.0,map,yes,none,1.04
o02421,JP,7,3.2,,,,0.79
o02422,JP,8,2.3,video,no,work,3.8
o02423,KR,3,3.2,,,,2.13
o02424,TH,7,2.8,,,,0.94
o02425,JP,8,3.0,social,no,none,1.08
o02426,JP,8,3.5,,,,2.17
o02427,TH,4,2.0,map,no,none,0.91
o02428,JP,6,3.4,social,no,none,1.04
o02429,JP,6,1.2,map,no,none,0.38
o02430,JP,3,1.9,map,no,none,0.56
o02431,KR,5,3.4,,,,1.65
o02432,JP,8,1.0,map,no,none,0.29
o02433,JP,4,3.0,video,no,none,2.61
o02434,JP,5,3.8,map,no,none,0.66
o02435,TH,8,2.8,,,,0.59
o02436,TH,4,4.5,video,yes,none,3.51
o02437,JP,4,3.6,social,no,light,0.87
o02438,JP,3,2.8,,,,0.61
o02439,KR,3,3.3,social,no,none,1.52
o02440,JP,5,2.6,,,,0.52
o02441,KR,7,4.0,video,no,none,2.19
o02442,JP,5,3.8,,,,1.96
o02443,JP,6,2.3,,,,1.31
o02444,JP,8,3.6,map,yes,light,0.92
o02445,TH,3,3.6,,,,2.49
o02446,JP,5,2.0,social,no,none,1.48
o02447,JP,4,1.9,,,,1.08
o02448,TH,3,3.6,map,no,none,0.85
o02449,KR,6,4.7,,,,2.79
o02450,TH,4,2.7,map,no,none,0.8
o02451,JP,3,4.3,social,no,none,1.29
o02452,KR,4,2.8,,,,2.63
o02453,JP,4,3.1,,,,1.38
o02454,JP,3,2.9,social,no,none,1.48
o02455,JP,8,3.9,,,,2.65
o02456,JP,7,3.6,map,no,none,0.93
o02457,KR,7,2.8,map,no,none,0.74
o02458,JP,6,2.1,,,,2.46
o02459,KR,3,2.4,social,no,none,1.62
o02460,KR,8,3.7,social,no,none,1.24
o02461,JP,4,2.9,,,,1.71
o02462,KR,4,4.6,,,,1.08
o02463,JP,4,2.4,,,,0.47
o02464,JP,3,3.5,map,no,none,0.73
o02465,JP,4,2.3,social,no,light,0.61
o02466,KR,6,2.8,social,no,none,0.97
o02467,KR,5,3.7,,,,2.72
o02468,JP,8,2.4,,,,1.9
o02469,TH,4,2.5,,,,1.23
o02470,JP,7,3.5,,,,1.18
o02471,JP,7,3.5,social,no,none,1.25
o02472,KR,4,1.6,social,no,none,1.05
o02473,JP,3,3.0,map,no,none,0.74
o02474,KR,3,2.8,video,yes,none,2.55
o02475,KR,4,3.7,,,,2.21
o02476,JP,3,3.0,map,no,none,0.65
o02477,JP,7,3.4,map,no,none,0.59
o02478,KR,8,3.3,map,no,none,0.84
o02479,KR,8,4.7,social,yes,none,2.67
o02480,JP,6,3.8,map,no,work,1.91
o02481,JP,3,1.9,social,yes,none,1.58
o02482,JP,4,3.3,,,,2.14
o02483,JP,8,3.1,map,no,light,0.2
o02484,JP,6,1.5,,,,1.24
o02485,JP,5,2.8,social,no,none,0.91
o02486,JP,5,3.6,map,no,none,0.72
o02487,TH,7,2.0,map,yes,none,1.11
o02488,JP,8,2.8,,,,0.19
o02489,JP,4,3.5,social,yes,light,1.87
o02490,TH,7,4.0,map,no,none,0.78
o02491,JP,6,4.1,map,yes,none,1.42
o02492,KR,4,2.3,,,,2.45
o02493,JP,3,2.3,,,,1.57
o02494,KR,3,3.4,map,no,none,0.81
o02495,JP,8,3.0,social,no,none,0.96
o02496,JP,3,2.1,,,,1.03
o02497,JP,6,3.6,,,,2.39
o02498,JP,3,3.9,,,,1.15
o02499,KR,6,4.9,,,,0.67
o02500,JP,6,3.8,map,no,none,0.55
o02501,JP,7,3.6,,,,1.86
o02502,JP,7,2.3,,,,1.77
o02503,KR,5,3.2,map,no,none,0.99
o02504,TH,4,2.3,map,no,light,0.4
o02505,JP,6,3.9,map,no,none,0.63
o02506,KR,3,2.8,map,no,none,0.83
o02507,JP,7,3.3,map,yes,none,1.34
o02508,KR,3,4.2,social,no,work,2.7
o02509,JP,5,1.0,,,,0.38
o02510,JP,4,3.6,social,yes,none,1.76
o02511,JP,5,3.7,,,,1.47
o02512,KR,5,3.5,map,no,none,0.61
o02513,KR,5,3.5,,,,1.88
o02514,JP,4,2.0,map,no,none,0.44
o02515,JP,6,2.5,,,,0.61
o02516,JP,8,2.5,social,no,work,1.9
o02517,JP,3,1.9,social,no,none,0.85
o02518,JP,3,2.7,,,,1.85
o02519,KR,6,4.5,,,,3.17
o02520,JP,8,4.2,social,no,none,1.1
o02521,JP,4,1.8,map,no,none,0.48
o02522,KR,3,3.2,map,yes,none,1.49
o02523,JP,8,1.9,,,,1.21
o02524,JP,8,3.8,map,no,none,0.67
o02525,JP,6,4.2,map,no,none,0.91
o02526,TH,4,3.7,social,no,light,1.25
o02527,TH,5,2.4,video,yes,none,3.15
o02528,JP,8,2.3,,,,0.59
o02529,JP,5,3.3,,,,1.98
o02530,KR,3,2.3,,,,1.37
o02531,JP,4,1.1,social,yes,none,1.38
o02532,KR,4,1.0,,,,0.41
o02533,KR,4,2.7,social,no,none,1.54
o02534,JP,7,2.0,map,no,none,0.46
o02535,KR,3,4.1,social,yes,work,4.51
o02536,JP,7,2.4,video,no,work,3.36
o02537,KR,7,2.1,,,,1.37
o02538,KR,8,2.7,social,no,none,0.97
o02539,KR,8,3.4,map,no,none,0.76
o02540,KR,6,2.5,,,,1.2
o02541,KR,6,3.2,,,,2.34
o02542,JP,5,2.9,video,no,none,2.26
o02543,JP,8,3.2,video,no,none,2.0
o02544,KR,8,4.9,social,no,none,1.48
o02545,JP,5,3.5,map,no,work,1.31
o02546,JP,6,2.5,,,,1.39
o02547,JP,6,4.1,,,,1.22
o02548,KR,6,4.4,,,,0.93
o02549,KR,3,2.3,map,no,none,0.58
o02550,KR,4,1.1,map,no,none,0.38
o02551,JP,6,3.9,map,yes,none,1.18
o02552,TH,6,2.9,social,no,none,1.74
o02553,TH,4,3.7,social,yes,none,1.7
o02554,JP,6,2.9,map,no,none,0.56
o02555,JP,4,3.0,map,yes,light,0.83
o02556,JP,4,3.2,,,,2.0
o02557,JP,3,2.8,map,no,none,0.72
o02558,TH,7,4.2,,,,1.92
o02559,KR,8,2.5,,,,1.16
o02560,KR,6,2.2,,,,0.74
o02561,TH,4,3.0,map,no,none,0.93
o02562,JP,4,3.1,social,no,light,1.37
o02563,JP,7,2.6,,,,2.18
o02564,KR,7,4.6,,,,0.65
o02565,JP,7,3.2,social,no,work,2.74
o02566,JP,4,5.6,map,no,light,0.7
o02567,TH,3,2.9,social,no,none,1.42
o02568,KR,4,2.6,video,no,none,2.07
o02569,KR,7,3.5,map,no,none,0.77
o02570,JP,7,2.1,map,yes,light,0.76
o02571,TH,5,2.7,,,,1.79
o02572,KR,6,2.3,map,no,none,0.61
o02573,JP,8,3.6,map,no,light,0.34
o02574,TH,3,2.7,,,,2.85
o02575,TH,5,3.8,map,no,work,1.85
o02576,JP,5,2.8,map,no,none,0.61
o02577,JP,4,3.0,video,no,work,3.5
o02578,JP,6,2.9,,,,0.68
o02579,KR,6,1.6,map,yes,light,0.87
o02580,KR,3,2.8,social,no,none,1.59
o02581,KR,4,3.0,map,no,work,1.48
o02582,TH,6,4.2,social,no,none,1.52
o02583,KR,4,3.3,map,no,none,0.77
o02584,JP,6,3.4,map,no,light,0.25
o02585,KR,8,5.4,map,no,none,0.85
o02586,TH,7,3.0,,,,1.22
o02587,TH,4,3.2,social,no,work,2.22
o02588,KR,3,2.9,video,no,none,2.56
o02589,KR,7,3.4,map,no,none,0.9
o02590,JP,3,3.0,social,no,none,1.6
o02591,JP,4,2.4,map,yes,none,1.15
o02592,KR,6,2.4,social,yes,none,1.26
o02593,TH,3,3.3,video,no,light,1.82
o02594,JP,8,1.0,,,,0.82
o02595,JP,8,3.6,,,,0.65
o02596,JP,6,2.7,video,no,none,2.18
o02597,JP,5,3.9,social,no,none,1.09
o02598,JP,7,1.9,,,,1.9
o02599,KR,3,4.3,map,no,none,0.99
o02600,JP,8,3.1,,,,1.17
o02601,KR,7,3.3,map,no,none,1.11
o02602,JP,5,3.4,,,,1.11
o02603,JP,7,1.0,,,,0.74
o02604,JP,8,4.2,,,,1.74
o02605,JP,4,2.3,,,,0.61
o02606,JP,5,2.6,social,yes,none,1.35
o02607,JP,8,1.6,,,,0.4
o02608,JP,8,2.0,map,no,none,0.49
o02609,JP,8,2.6,social,no,none,1.09
o02610,JP,5,3.1,map,no,none,0.5
o02611,JP,7,3.3,social,no,work,1.74
o02612,JP,5,1.1,map,yes,none,0.73
o02613,TH,3,3.4,,,,1.54
o02614,JP,7,3.8,,,,0.57
o02615,TH,6,3.1,,,,1.24
o02616,JP,7,4.9,,,,1.4
o02617,JP,7,3.0,map,no,none,0.61
o02618,KR,4,3.0,social,no,work,2.66
o02619,TH,3,3.4,,,,2.59
o02620,JP,5,2.8,,,,1.47
o02621,JP,3,2.4,,,,2.05
o02622,JP,8,3.4,social,no,none,1.35
o02623,JP,5,1.6,,,,0.35
o02624,JP,5,3.9,social,yes,none,1.9
o02625,JP,6,3.9,map,no,none,0.83
o02626,JP,6,3.0,,,,0.74
o02627,KR,4,2.6,social,no,none,1.35
o02628,KR,7,2.1,,,,1.15
o02629,JP,4,2.3,video,no,light,2.32
o02630,KR,4,1.8,,,,1.85
o02631,JP,7,4.2,social,no,none,1.14
o02632,TH,6,3.5,social,no,none,1.39
o02633,JP,8,1.7,social,yes,none,2.23
o02634,KR,4,2.8,,,,0.96
o02635,JP,3,3.9,social,no,none,1.59
o02636,KR,5,4.8,,,,2.71
o02637,JP,5,2.9,video,yes,none,1.97
o02638,JP,8,4.5,,,,0.72
o02639,KR,8,2.8,video,yes,light,1.72
o02640,KR,5,2.8,social,no,none,1.29
o02641,TH,6,2.8,map,yes,none,1.72
o02642,JP,3,3.0,,,,1.92
o02643,KR,5,2.2,map,no,light,0.21
o02644,JP,3,1.0,video,yes,none,2.69
o02645,KR,8,3.8,video,no,none,2.3
o02646,JP,8,1.9,,,,1.46
o02647,JP,7,2.1,map,no,none,0.39
o02648,KR,6,3.1,map,no,none,0.6
o02649,JP,6,3.6,social,yes,light,1.43
o02650,KR,4,3.2,social,no,none,1.02
o02651,JP,7,3.1,social,no,none,0.9
o02652,JP,7,2.9,map,no,none,0.7
o02653,TH,6,4.7,,,,1.08
o02654,JP,8,2.7,map,no,work,1.52
o02655,JP,7,2.7,,,,1.12
o02656,TH,8,4.4,social,no,none,1.67
o02657,JP,3,2.7,video,yes,work,4.28
o02658,TH,3,5.1,video,yes,none,2.97
o02659,KR,7,1.8,social,no,none,0.75
o02660,JP,5,3.3,,,,2.93
o02661,KR,4,3.1,social,yes,light,1.86
o02662,JP,5,4.1,,,,1.39
o02663,JP,5,2.1,map,yes,none,1.38
o02664,JP,7,3.6,,,,1.23
o02665,TH,8,1.6,,,,0.54
o02666,JP,8,3.4,video,no,light,2.01
o02667,TH,5,4.2,social,yes,none,2.92
o02668,KR,4,1.3,map,yes,none,1.37
o02669,JP,4,2.9,social,no,none,1.73
o02670,JP,6,4.0,social,no,light,1.46
o02671,KR,3,4.2,,,,0.98
o02672,JP,3,3.0,,,,2.07
o02673,KR,7,2.6,social,no,none,1.32
o02674,KR,4,4.0,,,,0.55
o02675,KR,4,1.9,social,no,none,0.95
o02676,KR,3,3.6,social,no,none,1.35
o02677,JP,6,2.8,video,no,none,1.82
o02678,JP,6,2.8,video,no,none,1.82
o02679,JP,4,2.1,social,no,light,0.84
o02680,JP,4,2.9,video,no,work,2.71
o02681,JP,8,3.6,social,no,none,1.59
o02682,TH,6,3.4,video,yes,none,2.84
o02683,JP,8,2.1,social,yes,none,1.82
o02684,JP,4,2.9,map,no,none,0.93
o02685,KR,4,1.9,,,,0.9
o02686,KR,3,4.1,social,no,none,1.31
o02687,JP,3,2.2,map,yes,work,1.82
o02688,KR,7,3.2,,,,1.85
o02689,KR,3,3.0,,,,1.39
o02690,TH,5,3.2,video,no,none,3.21
o02691,JP,8,3.4,,,,0.58
o02692,JP,6,2.0,,,,0.44
o02693,JP,5,1.5,,,,0.63
o02694,KR,6,3.8,,,,1.43
o02695,KR,7,3.0,map,no,none,0.67
o02696,TH,7,3.9,,,,3.08
o02697,KR,4,4.8,,,,1.48
o02698,TH,3,2.2,,,,0.4
o02699,KR,4,2.2,,,,0.72
o02700,JP,3,2.4,map,no,work,1.44
o02701,KR,5,3.9,map,no,none,0.73
o02702,JP,8,3.2,social,no,none,1.91
o02703,TH,5,3.2,video,yes,none,4.0
o02704,JP,3,3.5,,,,1.91
o02705,JP,4,4.4,social,no,none,1.8
o02706,TH,5,2.5,social,no,work,3.01
o02707,KR,4,2.3,video,no,none,2.27
o02708,KR,3,3.1,,,,2.4
o02709,TH,8,2.7,,,,0.77
o02710,JP,3,4.9,,,,1.95
o02711,KR,8,3.3,social,no,light,0.99
o02712,KR,6,3.4,,,,1.54
o02713,KR,5,1.8,map,no,work,1.31
o02714,KR,5,3.5,map,no,none,0.81
o02715,TH,5,2.1,map,no,none,0.78
o02716,JP,3,2.9,,,,2.38
o02717,TH,8,2.0,,,,2.59
o02718,JP,5,1.9,map,yes,none,1.1
o02719,JP,8,3.4,,,,1.72
o02720,JP,8,1.8,social,no,none,1.02
o02721,JP,4,2.2,map,no,none,0.64
o02722,JP,8,3.6,,,,0.28
o02723,JP,6,2.6,social,no,light,0.6
o02724,JP,4,3.2,,,,2.05
o02725,TH,6,1.7,social,no,work,2.27
o02726,JP,6,2.6,,,,1.91
o02727,JP,6,2.2,social,yes,none,1.64
o02728,JP,7,4.0,,,,1.52
o02729,JP,3,5.7,social,no,none,1.49
o02730,JP,6,2.5,social,no,none,1.21
o02731,KR,7,3.6,map,yes,light,0.78
o02732,JP,3,1.8,map,no,light,0.17
o02733,JP,4,4.6,,,,1.63
o02734,TH,7,3.9,,,,0.8
o02735,KR,7,2.3,map,yes,none,1.02
o02736,KR,4,3.3,,,,1.68
o02737,JP,6,1.0,video,no,none,2.68
o02738,JP,8,3.6,map,no,none,0.86
o02739,KR,3,5.3,,,,3.26
o02740,TH,8,3.3,,,,1.04
o02741,JP,3,2.6,map,no,light,0.32
o02742,JP,8,2.9,,,,0.67
o02743,JP,8,3.8,social,no,light,0.87
o02744,KR,4,3.3,map,no,none,1.01
o02745,JP,8,3.3,social,yes,none,1.86
o02746,JP,6,1.5,map,yes,none,1.1
o02747,JP,4,3.9,social,no,none,1.86
o02748,JP,5,3.6,map,no,none,0.93
o02749,JP,6,3.1,map,no,none,0.64
o02750,JP,6,2.8,social,no,none,1.27
o02751,JP,8,3.4,,,,0.56
o02752,TH,6,2.2,map,no,none,0.69
o02753,TH,8,3.1,video,no,work,2.63
o02754,KR,4,1.7,,,,1.21
o02755,TH,6,2.8,,,,1.02
o02756,JP,7,2.6,social,no,none,0.81
o02757,KR,7,4.5,,,,2.23
o02758,KR,8,2.5,map,no,light,0.18
o02759,KR,8,3.0,social,yes,none,1.64
o02760,JP,7,1.5,,,,0.49
o02761,JP,7,2.6,social,no,none,1.14
o02762,JP,7,1.2,social,no,none,0.96
o02763,JP,3,2.5,map,no,none,0.63
o02764,JP,7,2.1,,,,1.15
o02765,JP,3,4.0,,,,1.19
o02766,JP,5,4.4,social,no,light,1.17
o02767,JP,5,4.1,,,,0.76
o02768,JP,5,1.2,social,no,none,1.11
o02769,JP,4,4.3,social,no,none,1.55
o02770,JP,8,2.3,,,,1.68
o02771,KR,3,2.9,,,,2.31
o02772,KR,6,3.4,,,,0.93
o02773,KR,3,2.7,map,no,none,0.93
o02774,TH,5,3.3,social,no,none,2.33
o02775,JP,7,4.2,social,no,work,2.35
o02776,JP,4,2.6,,,,0.19
o02777,JP,7,3.3,map,no,none,0.62
o02778,JP,4,1.9,,,,0.96
o02779,JP,6,3.5,map,no,none,1.06
o02780,JP,3,4.0,social,no,none,1.05
o02781,JP,6,3.4,,,,2.31
o02782,TH,3,3.1,map,no,light,0.58
o02783,JP,3,1.2,,,,2.59
o02784,JP,8,2.0,,,,0.54
o02785,TH,8,3.6,map,no,none,0.69
o02786,TH,7,3.9,social,no,none,1.89
o02787,KR,3,2.1,,,,3.83
o02788,KR,3,3.6,,,,0.89
o02789,KR,7,2.7,map,no,none,0.53
o02790,JP,5,2.3,map,no,light,0.17
o02791,JP,7,2.7,map,no,none,0.41
o02792,JP,7,3.5,social,no,none,0.93
o02793,JP,3,3.2,map,yes,work,2.31
o02794,KR,5,4.1,social,no,none,1.5
o02795,TH,4,2.6,social,no,none,1.71
o02796,JP,4,3.7,map,no,none,0.88
o02797,JP,8,2.5,map,no,none,0.43
o02798,JP,4,3.7,map,no,none,0.68
o02799,JP,6,2.8,social,no,light,1.05
o02800,JP,6,2.6,video,no,none,1.3
o02801,JP,5,2.5,video,yes,light,2.68
o02802,TH,7,3.5,,,,1.73
o02803,JP,5,3.6,,,,2.52
o02804,TH,5,1.8,,,,0.89
o02805,JP,8,3.6,video,no,none,1.68
o02806,JP,7,2.6,video,yes,work,3.36
o02807,JP,8,3.2,social,yes,none,1.34
o02808,TH,3,2.9,,,,2.0
o02809,JP,5,4.7,,,,2.09
o02810,KR,8,2.1,,,,1.25
o02811,KR,6,3.8,,,,0.97
o02812,KR,6,2.8,map,no,none,0.78
o02813,JP,7,3.0,,,,1.17
o02814,JP,3,1.1,social,no,none,1.05
o02815,JP,5,1.9,map,no,none,0.46
o02816,JP,8,3.3,map,no,work,1.8
o02817,JP,4,3.6,,,,2.78
o02818,JP,4,5.0,,,,1.15
o02819,JP,4,3.5,,,,1.85
o02820,JP,4,2.2,social,no,light,0.97
o02821,JP,6,2.6,social,no,none,1.16
o02822,JP,5,3.1,,,,1.03
o02823,JP,3,3.2,social,no,none,1.15
o02824,JP,4,2.2,video,no,light,1.51
o02825,KR,8,4.3,social,no,light,1.21
o02826,KR,4,2.4,,,,2.33
o02827,KR,4,4.6,video,no,light,2.04
o02828,JP,6,3.5,video,yes,light,2.71
o02829,JP,7,2.6,video,no,none,2.61
o02830,KR,3,3.5,,,,0.73
o02831,JP,6,3.6,,,,1.08
o02832,JP,4,3.4,social,no,work,2.0
o02833,KR,5,3.8,map,no,light,0.62
o02834,JP,7,2.2,,,,3.18
o02835,KR,4,3.7,,,,1.07
o02836,TH,6,3.5,,,,1.43
o02837,JP,3,2.3,map,no,light,0.26
o02838,JP,3,4.0,social,no,none,1.68
o02839,JP,8,4.3,social,no,none,1.1
o02840,TH,8,1.6,video,yes,none,2.67
o02841,JP,3,3.0,,,,0.69
o02842,KR,7,4.9,,,,2.03
o02843,JP,7,5.0,social,no,work,2.26
o02844,KR,6,4.7,,,,2.99
o02845,KR,3,1.0,video,yes,none,2.34
o02846,JP,8,2.7,social,yes,light,1.74
o02847,KR,6,3.1,map,no,none,0.83
o02848,JP,5,3.6,,,,1.11
o02849,KR,8,4.5,social,no,none,1.58
o02850,KR,6,1.4,map,no,work,1.46
o02851,JP,5,3.1,map,no,none,0.68
o02852,JP,3,2.8,video,no,light,1.9
o02853,JP,8,3.8,social,no,light,0.69
o02854,JP,8,2.4,map,no,none,0.43
o02855,JP,5,2.8,map,yes,none,1.6
o02856,JP,6,1.2,social,no,none,0.85
o02857,JP,6,3.0,,,,1.33
o02858,JP,4,2.4,social,no,none,1.53
o02859,JP,7,3.4,map,no,none,0.78
o02860,KR,4,4.4,,,,3.11
o02861,JP,3,2.1,,,,1.86
o02862,JP,5,3.8,,,,1.38
o02863,JP,5,4.2,map,no,work,1.56
o02864,JP,8,3.6,,,,0.48
o02865,JP,5,3.7,,,,2.24
o02866,TH,6,3.4,,,,0.68
o02867,JP,8,3.2,social,no,none,1.4
o02868,TH,5,2.8,map,no,none,1.05
o02869,KR,6,4.0,,,,3.8
o02870,KR,3,3.3,map,no,none,0.68
o02871,TH,3,2.4,social,yes,none,2.31
o02872,JP,5,2.7,map,yes,none,1.41
o02873,KR,5,4.0,map,no,none,1.13
o02874,TH,6,2.2,,,,1.14
o02875,JP,3,3.6,,,,1.4
o02876,JP,8,3.5,,,,1.39
o02877,KR,5,1.0,map,no,work,1.22
o02878,JP,8,3.6,map,no,none,0.65
o02879,JP,7,3.5,video,yes,none,2.19
o02880,KR,8,2.3,video,no,none,2.68
o02881,JP,5,4.6,,,,0.78
o02882,KR,3,2.6,social,no,none,1.4
o02883,JP,5,2.9,map,no,light,0.26
o02884,JP,7,2.1,video,no,none,2.04
o02885,JP,7,2.5,video,no,light,1.16
o02886,JP,3,4.3,map,no,none,0.78
o02887,JP,5,2.8,social,no,work,2.08
o02888,KR,3,2.5,,,,1.07
o02889,KR,8,2.3,map,no,none,0.66
o02890,JP,5,3.7,map,no,none,0.61
o02891,JP,4,3.4,social,no,light,1.19
o02892,JP,3,2.7,,,,1.78
o02893,JP,8,2.9,social,no,none,1.06
o02894,JP,7,3.8,social,no,none,1.89
o02895,TH,5,3.8,,,,2.81
o02896,JP,5,3.6,social,yes,none,2.36
o02897,TH,4,3.2,,,,1.16
o02898,JP,6,2.8,video,no,none,2.68
o02899,TH,7,1.2,,,,1.52
o02900,KR,6,1.5,,,,1.18
o02901,TH,7,2.0,social,no,none,1.51
o02902,JP,6,3.3,,,,0.26
o02903,JP,8,3.0,video,yes,none,2.38
o02904,KR,8,3.2,,,,0.91
o02905,JP,3,3.3,map,no,none,0.73
o02906,TH,4,2.8,,,,1.7
o02907,JP,6,3.3,,,,2.53
o02908,JP,6,1.6,social,no,none,1.2
o02909,TH,6,2.4,map,no,none,0.86
o02910,JP,4,3.5,,,,0.91
o02911,TH,3,5.7,,,,1.32
o02912,JP,6,3.4,map,no,none,0.62
o02913,JP,4,3.6,map,yes,none,1.47
o02914,KR,5,3.6,,,,1.1
o02915,JP,3,2.3,map,no,none,0.79
o02916,JP,5,2.1,map,no,none,0.59
o02917,KR,5,2.2,social,no,none,1.01
o02918,JP,8,3.2,,,,3.59
o02919,JP,4,2.6,,,,3.09
o02920,KR,6,3.2,map,no,none,0.72
o02921,JP,6,3.1,,,,1.01
o02922,JP,6,3.5,map,no,none,0.65
o02923,JP,8,4.3,map,no,none,0.66
o02924,KR,6,3.8,map,no,none,1.17
o02925,TH,7,3.0,map,yes,none,1.95
o02926,KR,8,2.3,video,no,light,1.35
o02927,JP,7,2.9,,,,0.41
o02928,KR,3,2.3,,,,3.7
o02929,TH,6,3.8,map,no,none,0.82
o02930,JP,3,3.3,map,no,work,2.3
o02931,JP,7,2.1,social,yes,none,1.82
o02932,JP,3,3.2,,,,2.27
o02933,JP,6,4.6,,,,1.39
o02934,JP,6,1.7,map,no,none,0.45
o02935,TH,3,4.2,video,no,work,3.63
o02936,KR,7,3.6,,,,1.01
o02937,JP,8,4.9,social,yes,none,2.04
o02938,JP,4,2.9,video,no,none,1.87
o02939,TH,4,2.6,,,,2.48
o02940,JP,4,2.0,,,,1.74
o02941,JP,8,2.1,,,,1.04
o02942,JP,3,4.3,map,yes,work,2.41
o02943,JP,8,3.1,,,,0.52
o02944,KR,8,1.6,map,no,none,0.48
o02945,JP,4,2.0,,,,0.47
o02946,JP,5,3.7,social,yes,light,1.64
o02947,TH,4,2.1,social,no,none,1.37
o02948,JP,6,4.6,,,,2.49
o02949,JP,5,1.7,social,no,work,2.13
o02950,KR,8,1.6,map,yes,none,1.02
o02951,KR,8,2.7,social,no,none,1.23
o02952,JP,8,4.3,,,,1.27
o02953,KR,3,2.6,video,no,light,1.71
o02954,JP,8,3.0,map,yes,light,0.69
o02955,JP,5,4.6,,,,1.88
o02956,JP,7,2.2,,,,1.33
o02957,TH,8,4.1,social,no,light,1.15
o02958,JP,5,4.5,,,,1.17
o02959,KR,4,2.6,social,no,light,0.96
o02960,JP,3,2.1,,,,1.08
o02961,JP,7,1.7,map,yes,light,0.53
o02962,JP,4,3.7,video,no,none,2.29
o02963,JP,8,3.1,video,no,none,2.58
o02964,KR,7,2.9,map,no,none,0.74
o02965,JP,6,4.1,,,,2.44
o02966,JP,8,3.6,,,,2.16
o02967,JP,6,1.8,,,,2.39
o02968,KR,6,3.2,social,yes,none,1.72
o02969,JP,4,4.0,social,no,none,1.45
o02970,KR,4,3.1,social,no,work,2.95
o02971,JP,7,1.5,video,yes,none,2.24
o02972,JP,3,2.7,social,no,work,2.21
o02973,KR,4,2.4,,,,2.26
o02974,JP,8,2.1,map,yes,light,0.71
o02975,JP,3,3.4,,,,0.64
o02976,JP,5,4.7,,,,0.89
o02977,TH,3,2.7,social,no,light,1.16
o02978,KR,8,2.9,,,,1.99
o02979,KR,3,2.1,social,no,none,1.76
o02980,JP,7,2.7,social,yes,none,1.89
o02981,KR,6,4.0,map,no,none,0.78
o02982,JP,7,1.6,map,no,none,0.43
o02983,JP,7,3.0,social,no,none,1.22
o02984,TH,3,3.7,,,,1.62
o02985,JP,5,3.5,video,no,none,2.08
o02986,KR,7,4.1,,,,1.83
o02987,KR,6,2.6,,,,1.5
o02988,KR,5,2.7,map,no,none,0.78
o02989,JP,6,3.0,,,,2.05
o02990,KR,5,2.7,,,,2.28
o02991,KR,8,2.6,map,yes,light,0.69
o02992,JP,6,2.3,,,,1.34
o02993,KR,3,2.4,video,no,work,3.2
o02994,KR,8,1.9,social,yes,none,1.57
o02995,JP,6,3.7,map,no,none,0.69
o02996,KR,7,3.0,map,no,none,0.62
o02997,JP,5,2.8,map,no,light,0.27
o02998,JP,6,2.8,,,,1.24
o02999,JP,5,3.0,map,no,none,0.79
